,date,cum_cases,new_cases,country
0,20200215,0,0,Algeria
1,20200216,0,0,Algeria
2,20200217,0,0,Algeria
3,20200218,0,0,Algeria
4,20200219,0,0,Algeria
5,20200220,0,0,Algeria
6,20200221,0,0,Algeria
7,20200222,0,0,Algeria
8,20200223,0,0,Algeria
9,20200224,0,0,Algeria
10,20200225,1,1,Algeria
11,20200226,1,0,Algeria
12,20200227,1,0,Algeria
13,20200228,1,0,Algeria
14,20200229,1,0,Algeria
15,20200301,3,2,Algeria
16,20200302,5,2,Algeria
17,20200303,8,3,Algeria
18,20200304,17,9,Algeria
19,20200305,17,0,Algeria
20,20200306,17,0,Algeria
21,20200307,19,2,Algeria
22,20200308,20,1,Algeria
23,20200309,20,0,Algeria
24,20200310,20,0,Algeria
25,20200311,20,0,Algeria
26,20200312,26,6,Algeria
27,20200313,26,0,Algeria
28,20200314,39,13,Algeria
29,20200315,54,15,Algeria
30,20200316,60,6,Algeria
31,20200317,61,1,Algeria
32,20200318,75,14,Algeria
33,20200319,90,15,Algeria
34,20200320,94,4,Algeria
35,20200321,139,45,Algeria
36,20200322,201,62,Algeria
37,20200323,230,29,Algeria
38,20200324,264,34,Algeria
39,20200325,302,38,Algeria
40,20200326,367,65,Algeria
41,20200327,409,42,Algeria
42,20200328,454,45,Algeria
43,20200329,511,57,Algeria
44,20200215,15,15,Australia
45,20200216,15,0,Australia
46,20200217,15,0,Australia
47,20200218,15,0,Australia
48,20200219,15,0,Australia
49,20200220,17,2,Australia
50,20200221,19,2,Australia
51,20200222,21,2,Australia
52,20200223,22,1,Australia
53,20200224,22,0,Australia
54,20200225,22,0,Australia
55,20200226,23,1,Australia
56,20200227,23,0,Australia
57,20200228,25,2,Australia
58,20200229,25,0,Australia
59,20200301,29,4,Australia
60,20200302,33,4,Australia
61,20200303,39,6,Australia
62,20200304,53,14,Australia
63,20200305,60,7,Australia
64,20200306,63,3,Australia
65,20200307,74,11,Australia
66,20200308,83,9,Australia
67,20200309,93,10,Australia
68,20200310,116,23,Australia
69,20200311,128,12,Australia
70,20200312,156,28,Australia
71,20200313,199,43,Australia
72,20200314,248,49,Australia
73,20200315,300,52,Australia
74,20200316,401,101,Australia
75,20200317,455,54,Australia
76,20200318,596,141,Australia
77,20200319,756,160,Australia
78,20200320,928,172,Australia
79,20200321,1072,144,Australia
80,20200322,1609,537,Australia
81,20200323,1887,278,Australia
82,20200324,2317,430,Australia
83,20200325,2676,359,Australia
84,20200326,3050,374,Australia
85,20200327,3378,328,Australia
86,20200328,3635,257,Australia
87,20200329,4163,528,Australia
88,20200215,0,0,Austria
89,20200216,0,0,Austria
90,20200217,0,0,Austria
91,20200218,0,0,Austria
92,20200219,0,0,Austria
93,20200220,0,0,Austria
94,20200221,0,0,Austria
95,20200222,0,0,Austria
96,20200223,0,0,Austria
97,20200224,0,0,Austria
98,20200225,2,2,Austria
99,20200226,2,0,Austria
100,20200227,5,3,Austria
101,20200228,7,2,Austria
102,20200229,10,3,Austria
103,20200301,14,4,Austria
104,20200302,18,4,Austria
105,20200303,24,6,Austria
106,20200304,29,5,Austria
107,20200305,43,14,Austria
108,20200306,66,23,Austria
109,20200307,81,15,Austria
110,20200308,104,23,Austria
111,20200309,131,27,Austria
112,20200310,182,51,Austria
113,20200311,246,64,Austria
114,20200312,361,115,Austria
115,20200313,504,143,Austria
116,20200314,655,151,Austria
117,20200315,860,205,Austria
118,20200316,1018,158,Austria
119,20200317,1332,314,Austria
120,20200318,1646,314,Austria
121,20200319,2179,533,Austria
122,20200320,2649,470,Austria
123,20200321,2992,343,Austria
124,20200322,3582,590,Austria
125,20200323,4474,892,Austria
126,20200324,5283,809,Austria
127,20200325,5588,305,Austria
128,20200326,6909,1321,Austria
129,20200327,7697,788,Austria
130,20200328,8271,574,Austria
131,20200329,8788,517,Austria
132,20200215,1,1,Belgium
133,20200216,1,0,Belgium
134,20200217,1,0,Belgium
135,20200218,1,0,Belgium
136,20200219,1,0,Belgium
137,20200220,1,0,Belgium
138,20200221,1,0,Belgium
139,20200222,1,0,Belgium
140,20200223,1,0,Belgium
141,20200224,1,0,Belgium
142,20200225,1,0,Belgium
143,20200226,1,0,Belgium
144,20200227,1,0,Belgium
145,20200228,1,0,Belgium
146,20200229,1,0,Belgium
147,20200301,2,1,Belgium
148,20200302,8,6,Belgium
149,20200303,15,7,Belgium
150,20200304,23,8,Belgium
151,20200305,50,27,Belgium
152,20200306,109,59,Belgium
153,20200307,169,60,Belgium
154,20200308,200,31,Belgium
155,20200309,239,39,Belgium
156,20200310,267,28,Belgium
157,20200311,314,47,Belgium
158,20200312,399,85,Belgium
159,20200313,559,160,Belgium
160,20200314,689,130,Belgium
161,20200315,886,197,Belgium
162,20200316,1058,172,Belgium
163,20200317,1243,185,Belgium
164,20200318,1486,243,Belgium
165,20200319,1795,309,Belgium
166,20200320,2257,462,Belgium
167,20200321,2815,558,Belgium
168,20200322,3401,586,Belgium
169,20200323,3743,342,Belgium
170,20200324,4269,526,Belgium
171,20200325,4937,668,Belgium
172,20200326,6235,1298,Belgium
173,20200327,7284,1049,Belgium
174,20200328,9134,1850,Belgium
175,20200329,10836,1702,Belgium
176,20200215,0,0,Brazil
177,20200216,0,0,Brazil
178,20200217,0,0,Brazil
179,20200218,0,0,Brazil
180,20200219,0,0,Brazil
181,20200220,0,0,Brazil
182,20200221,0,0,Brazil
183,20200222,0,0,Brazil
184,20200223,0,0,Brazil
185,20200224,0,0,Brazil
186,20200225,1,1,Brazil
187,20200226,1,0,Brazil
188,20200227,1,0,Brazil
189,20200228,1,0,Brazil
190,20200229,2,1,Brazil
191,20200301,2,0,Brazil
192,20200302,2,0,Brazil
193,20200303,2,0,Brazil
194,20200304,3,1,Brazil
195,20200305,8,5,Brazil
196,20200306,13,5,Brazil
197,20200307,19,6,Brazil
198,20200308,25,6,Brazil
199,20200309,25,0,Brazil
200,20200310,34,9,Brazil
201,20200311,52,18,Brazil
202,20200312,77,25,Brazil
203,20200313,151,74,Brazil
204,20200314,151,0,Brazil
205,20200315,200,49,Brazil
206,20200316,234,34,Brazil
207,20200317,346,112,Brazil
208,20200318,529,183,Brazil
209,20200319,640,111,Brazil
210,20200320,970,330,Brazil
211,20200321,1178,208,Brazil
212,20200322,1546,368,Brazil
213,20200323,1924,378,Brazil
214,20200324,2247,323,Brazil
215,20200325,2554,307,Brazil
216,20200326,2985,431,Brazil
217,20200327,3417,432,Brazil
218,20200328,3904,487,Brazil
219,20200329,4256,352,Brazil
220,20200215,8,8,Canada
221,20200216,8,0,Canada
222,20200217,8,0,Canada
223,20200218,8,0,Canada
224,20200219,8,0,Canada
225,20200220,8,0,Canada
226,20200221,9,1,Canada
227,20200222,9,0,Canada
228,20200223,10,1,Canada
229,20200224,11,1,Canada
230,20200225,11,0,Canada
231,20200226,12,1,Canada
232,20200227,14,2,Canada
233,20200228,15,1,Canada
234,20200229,20,5,Canada
235,20200301,24,4,Canada
236,20200302,27,3,Canada
237,20200303,30,3,Canada
238,20200304,34,4,Canada
239,20200305,37,3,Canada
240,20200306,54,17,Canada
241,20200307,60,6,Canada
242,20200308,66,6,Canada
243,20200309,77,11,Canada
244,20200310,95,18,Canada
245,20200311,110,15,Canada
246,20200312,142,32,Canada
247,20200313,198,56,Canada
248,20200314,252,54,Canada
249,20200315,341,89,Canada
250,20200316,441,100,Canada
251,20200317,598,157,Canada
252,20200318,727,129,Canada
253,20200319,873,146,Canada
254,20200320,1087,214,Canada
255,20200321,1328,241,Canada
256,20200322,1470,142,Canada
257,20200323,2091,621,Canada
258,20200324,2792,701,Canada
259,20200325,3409,617,Canada
260,20200326,4043,634,Canada
261,20200327,4757,714,Canada
262,20200328,5655,898,Canada
263,20200329,6320,665,Canada
264,20200122,571,571,China
265,20200123,830,259,China
266,20200124,1287,457,China
267,20200125,1975,688,China
268,20200126,2744,769,China
269,20200127,4515,1771,China
270,20200128,5974,1459,China
271,20200129,7711,1737,China
272,20200130,9692,1981,China
273,20200131,11791,2099,China
274,20200201,14380,2589,China
275,20200202,17205,2825,China
276,20200203,20440,3235,China
277,20200204,24324,3884,China
278,20200205,28018,3694,China
279,20200206,31161,3143,China
280,20200207,34546,3385,China
281,20200208,37198,2652,China
282,20200209,40171,2973,China
283,20200210,42638,2467,China
284,20200211,44653,2015,China
285,20200212,58761,14108,China
286,20200213,63851,5090,China
287,20200214,66492,2641,China
288,20200215,68500,2008,China
289,20200216,70548,2048,China
290,20200217,72436,1888,China
291,20200218,74185,1749,China
292,20200219,74576,391,China
293,20200220,75465,889,China
294,20200221,76288,823,China
295,20200222,76936,648,China
296,20200223,77150,214,China
297,20200224,77658,508,China
298,20200225,78064,406,China
299,20200226,78497,433,China
300,20200227,78824,327,China
301,20200228,79251,427,China
302,20200229,79824,573,China
303,20200301,80026,202,China
304,20200302,80151,125,China
305,20200303,80270,119,China
306,20200304,80409,139,China
307,20200305,80552,143,China
308,20200306,80651,99,China
309,20200307,80695,44,China
310,20200308,80735,40,China
311,20200309,80754,19,China
312,20200310,80778,24,China
313,20200311,80793,15,China
314,20200312,80813,20,China
315,20200313,80824,11,China
316,20200314,80844,20,China
317,20200315,80860,16,China
318,20200316,80881,21,China
319,20200317,80894,13,China
320,20200318,80928,34,China
321,20200319,80967,39,China
322,20200320,81008,41,China
323,20200321,81054,46,China
324,20200322,81093,39,China
325,20200323,81171,78,China
326,20200324,81218,47,China
327,20200325,81285,67,China
328,20200326,81340,55,China
329,20200327,81394,54,China
330,20200328,81439,45,China
331,20200329,81439,0,China
332,20200215,0,0,Denmark
333,20200216,0,0,Denmark
334,20200217,0,0,Denmark
335,20200218,0,0,Denmark
336,20200219,0,0,Denmark
337,20200220,0,0,Denmark
338,20200221,0,0,Denmark
339,20200222,0,0,Denmark
340,20200223,0,0,Denmark
341,20200224,0,0,Denmark
342,20200225,0,0,Denmark
343,20200226,0,0,Denmark
344,20200227,1,1,Denmark
345,20200228,2,1,Denmark
346,20200229,3,1,Denmark
347,20200301,4,1,Denmark
348,20200302,4,0,Denmark
349,20200303,10,6,Denmark
350,20200304,14,4,Denmark
351,20200305,19,5,Denmark
352,20200306,21,2,Denmark
353,20200307,27,6,Denmark
354,20200308,35,8,Denmark
355,20200309,90,55,Denmark
356,20200310,262,172,Denmark
357,20200311,514,252,Denmark
358,20200312,674,160,Denmark
359,20200313,804,130,Denmark
360,20200314,836,32,Denmark
361,20200315,864,28,Denmark
362,20200316,914,50,Denmark
363,20200317,977,63,Denmark
364,20200318,1057,80,Denmark
365,20200319,1151,94,Denmark
366,20200320,1255,104,Denmark
367,20200321,1326,71,Denmark
368,20200322,1395,69,Denmark
369,20200323,1460,65,Denmark
370,20200324,1591,131,Denmark
371,20200325,1724,133,Denmark
372,20200326,1877,153,Denmark
373,20200327,2046,169,Denmark
374,20200328,2201,155,Denmark
375,20200329,2395,194,Denmark
376,20200215,12,12,France
377,20200216,12,0,France
378,20200217,12,0,France
379,20200218,12,0,France
380,20200219,12,0,France
381,20200220,12,0,France
382,20200221,12,0,France
383,20200222,12,0,France
384,20200223,12,0,France
385,20200224,12,0,France
386,20200225,14,2,France
387,20200226,18,4,France
388,20200227,38,20,France
389,20200228,57,19,France
390,20200229,100,43,France
391,20200301,130,30,France
392,20200302,191,61,France
393,20200303,212,21,France
394,20200304,285,73,France
395,20200305,423,138,France
396,20200306,653,230,France
397,20200307,949,296,France
398,20200308,1209,260,France
399,20200309,1412,203,France
400,20200310,1784,372,France
401,20200311,2281,497,France
402,20200312,2876,595,France
403,20200313,3661,785,France
404,20200314,4499,838,France
405,20200315,5423,924,France
406,20200316,6633,1210,France
407,20200317,7730,1097,France
408,20200318,9134,1404,France
409,20200319,10995,1861,France
410,20200320,12612,1617,France
411,20200321,14459,1847,France
412,20200322,16018,1559,France
413,20200323,19856,3838,France
414,20200324,22304,2448,France
415,20200325,25233,2929,France
416,20200326,29155,3922,France
417,20200327,32964,3809,France
418,20200328,37575,4611,France
419,20200329,40174,2599,France
420,20200215,16,16,Germany
421,20200216,16,0,Germany
422,20200217,16,0,Germany
423,20200218,16,0,Germany
424,20200219,16,0,Germany
425,20200220,16,0,Germany
426,20200221,16,0,Germany
427,20200222,16,0,Germany
428,20200223,16,0,Germany
429,20200224,16,0,Germany
430,20200225,18,2,Germany
431,20200226,26,8,Germany
432,20200227,48,22,Germany
433,20200228,74,26,Germany
434,20200229,79,5,Germany
435,20200301,130,51,Germany
436,20200302,165,35,Germany
437,20200303,203,38,Germany
438,20200304,262,59,Germany
439,20200305,545,283,Germany
440,20200306,670,125,Germany
441,20200307,800,130,Germany
442,20200308,1040,240,Germany
443,20200309,1224,184,Germany
444,20200310,1565,341,Germany
445,20200311,1966,401,Germany
446,20200312,2745,779,Germany
447,20200313,3675,930,Germany
448,20200314,4599,924,Germany
449,20200315,5813,1214,Germany
450,20200316,7272,1459,Germany
451,20200317,9367,2095,Germany
452,20200318,12327,2960,Germany
453,20200319,15320,2993,Germany
454,20200320,19848,4528,Germany
455,20200321,22364,2516,Germany
456,20200322,24873,2509,Germany
457,20200323,29056,4183,Germany
458,20200324,32991,3935,Germany
459,20200325,37323,4332,Germany
460,20200326,43938,6615,Germany
461,20200327,50871,6933,Germany
462,20200328,57695,6824,Germany
463,20200329,62435,4740,Germany
464,20200215,0,0,Greece
465,20200216,0,0,Greece
466,20200217,0,0,Greece
467,20200218,0,0,Greece
468,20200219,0,0,Greece
469,20200220,0,0,Greece
470,20200221,0,0,Greece
471,20200222,0,0,Greece
472,20200223,0,0,Greece
473,20200224,0,0,Greece
474,20200225,0,0,Greece
475,20200226,1,1,Greece
476,20200227,3,2,Greece
477,20200228,4,1,Greece
478,20200229,7,3,Greece
479,20200301,7,0,Greece
480,20200302,7,0,Greece
481,20200303,7,0,Greece
482,20200304,9,2,Greece
483,20200305,31,22,Greece
484,20200306,45,14,Greece
485,20200307,66,21,Greece
486,20200308,73,7,Greece
487,20200309,84,11,Greece
488,20200310,89,5,Greece
489,20200311,99,10,Greece
490,20200312,117,18,Greece
491,20200313,190,73,Greece
492,20200314,228,38,Greece
493,20200315,331,103,Greece
494,20200316,352,21,Greece
495,20200317,387,35,Greece
496,20200318,418,31,Greece
497,20200319,464,46,Greece
498,20200320,495,31,Greece
499,20200321,530,35,Greece
500,20200322,624,94,Greece
501,20200323,695,71,Greece
502,20200324,743,48,Greece
503,20200325,821,78,Greece
504,20200326,892,71,Greece
505,20200327,966,74,Greece
506,20200328,1061,95,Greece
507,20200329,1156,95,Greece
508,20200215,3,3,India
509,20200216,3,0,India
510,20200217,3,0,India
511,20200218,3,0,India
512,20200219,3,0,India
513,20200220,3,0,India
514,20200221,3,0,India
515,20200222,3,0,India
516,20200223,3,0,India
517,20200224,3,0,India
518,20200225,3,0,India
519,20200226,3,0,India
520,20200227,3,0,India
521,20200228,3,0,India
522,20200229,3,0,India
523,20200301,3,0,India
524,20200302,6,3,India
525,20200303,7,1,India
526,20200304,29,22,India
527,20200305,30,1,India
528,20200306,31,1,India
529,20200307,34,3,India
530,20200308,40,6,India
531,20200309,47,7,India
532,20200310,62,15,India
533,20200311,62,0,India
534,20200312,74,12,India
535,20200313,82,8,India
536,20200314,100,18,India
537,20200315,114,14,India
538,20200316,129,15,India
539,20200317,143,14,India
540,20200318,169,26,India
541,20200319,194,25,India
542,20200320,249,55,India
543,20200321,332,83,India
544,20200322,396,64,India
545,20200323,499,103,India
546,20200324,536,37,India
547,20200325,657,121,India
548,20200326,727,70,India
549,20200327,887,160,India
550,20200328,987,100,India
551,20200329,1024,37,India
552,20200215,0,0,Indonesia
553,20200216,0,0,Indonesia
554,20200217,0,0,Indonesia
555,20200218,0,0,Indonesia
556,20200219,0,0,Indonesia
557,20200220,0,0,Indonesia
558,20200221,0,0,Indonesia
559,20200222,0,0,Indonesia
560,20200223,0,0,Indonesia
561,20200224,0,0,Indonesia
562,20200225,0,0,Indonesia
563,20200226,0,0,Indonesia
564,20200227,0,0,Indonesia
565,20200228,0,0,Indonesia
566,20200229,0,0,Indonesia
567,20200301,0,0,Indonesia
568,20200302,2,2,Indonesia
569,20200303,2,0,Indonesia
570,20200304,2,0,Indonesia
571,20200305,2,0,Indonesia
572,20200306,4,2,Indonesia
573,20200307,4,0,Indonesia
574,20200308,6,2,Indonesia
575,20200309,19,13,Indonesia
576,20200310,27,8,Indonesia
577,20200311,34,7,Indonesia
578,20200312,34,0,Indonesia
579,20200313,69,35,Indonesia
580,20200314,96,27,Indonesia
581,20200315,117,21,Indonesia
582,20200316,134,17,Indonesia
583,20200317,172,38,Indonesia
584,20200318,227,55,Indonesia
585,20200319,309,82,Indonesia
586,20200320,369,60,Indonesia
587,20200321,450,81,Indonesia
588,20200322,514,64,Indonesia
589,20200323,579,65,Indonesia
590,20200324,686,107,Indonesia
591,20200325,790,104,Indonesia
592,20200326,893,103,Indonesia
593,20200327,1046,153,Indonesia
594,20200328,1155,109,Indonesia
595,20200329,1285,130,Indonesia
596,20200215,0,0,Iran
597,20200216,0,0,Iran
598,20200217,0,0,Iran
599,20200218,0,0,Iran
600,20200219,2,2,Iran
601,20200220,5,3,Iran
602,20200221,18,13,Iran
603,20200222,29,11,Iran
604,20200223,43,14,Iran
605,20200224,61,18,Iran
606,20200225,95,34,Iran
607,20200226,139,44,Iran
608,20200227,245,106,Iran
609,20200228,388,143,Iran
610,20200229,593,205,Iran
611,20200301,978,385,Iran
612,20200302,1501,523,Iran
613,20200303,2336,835,Iran
614,20200304,2922,586,Iran
615,20200305,3513,591,Iran
616,20200306,4747,1234,Iran
617,20200307,5823,1076,Iran
618,20200308,6566,743,Iran
619,20200309,7161,595,Iran
620,20200310,8042,881,Iran
621,20200311,9000,958,Iran
622,20200312,10075,1075,Iran
623,20200313,11364,1289,Iran
624,20200314,12729,1365,Iran
625,20200315,13938,1209,Iran
626,20200316,14991,1053,Iran
627,20200317,16169,1178,Iran
628,20200318,17361,1192,Iran
629,20200319,18407,1046,Iran
630,20200320,19644,1237,Iran
631,20200321,20610,966,Iran
632,20200322,21638,1028,Iran
633,20200323,23049,1411,Iran
634,20200324,24811,1762,Iran
635,20200325,27017,2206,Iran
636,20200326,29406,2389,Iran
637,20200327,32332,2926,Iran
638,20200328,35408,3076,Iran
639,20200329,38309,2901,Iran
640,20200215,0,0,Iraq
641,20200216,0,0,Iraq
642,20200217,0,0,Iraq
643,20200218,0,0,Iraq
644,20200219,0,0,Iraq
645,20200220,0,0,Iraq
646,20200221,0,0,Iraq
647,20200222,1,1,Iraq
648,20200223,1,0,Iraq
649,20200224,1,0,Iraq
650,20200225,5,4,Iraq
651,20200226,5,0,Iraq
652,20200227,7,2,Iraq
653,20200228,8,1,Iraq
654,20200229,13,5,Iraq
655,20200301,19,6,Iraq
656,20200302,27,8,Iraq
657,20200303,32,5,Iraq
658,20200304,37,5,Iraq
659,20200305,40,3,Iraq
660,20200306,46,6,Iraq
661,20200307,54,8,Iraq
662,20200308,65,11,Iraq
663,20200309,71,6,Iraq
664,20200310,71,0,Iraq
665,20200311,71,0,Iraq
666,20200312,83,12,Iraq
667,20200313,101,18,Iraq
668,20200314,110,9,Iraq
669,20200315,124,14,Iraq
670,20200316,133,9,Iraq
671,20200317,154,21,Iraq
672,20200318,164,10,Iraq
673,20200319,192,28,Iraq
674,20200320,208,16,Iraq
675,20200321,214,6,Iraq
676,20200322,233,19,Iraq
677,20200323,266,33,Iraq
678,20200324,316,50,Iraq
679,20200325,346,30,Iraq
680,20200326,382,36,Iraq
681,20200327,458,76,Iraq
682,20200328,506,48,Iraq
683,20200329,547,41,Iraq
684,20200215,0,0,Ireland
685,20200216,0,0,Ireland
686,20200217,0,0,Ireland
687,20200218,0,0,Ireland
688,20200219,0,0,Ireland
689,20200220,0,0,Ireland
690,20200221,0,0,Ireland
691,20200222,0,0,Ireland
692,20200223,0,0,Ireland
693,20200224,0,0,Ireland
694,20200225,0,0,Ireland
695,20200226,0,0,Ireland
696,20200227,0,0,Ireland
697,20200228,0,0,Ireland
698,20200229,1,1,Ireland
699,20200301,1,0,Ireland
700,20200302,1,0,Ireland
701,20200303,2,1,Ireland
702,20200304,6,4,Ireland
703,20200305,13,7,Ireland
704,20200306,18,5,Ireland
705,20200307,19,1,Ireland
706,20200308,21,2,Ireland
707,20200309,24,3,Ireland
708,20200310,34,10,Ireland
709,20200311,43,9,Ireland
710,20200312,70,27,Ireland
711,20200313,90,20,Ireland
712,20200314,129,39,Ireland
713,20200315,170,41,Ireland
714,20200316,223,53,Ireland
715,20200317,292,69,Ireland
716,20200318,366,74,Ireland
717,20200319,557,191,Ireland
718,20200320,683,126,Ireland
719,20200321,785,102,Ireland
720,20200322,906,121,Ireland
721,20200323,1125,219,Ireland
722,20200324,1329,204,Ireland
723,20200325,1564,235,Ireland
724,20200326,1819,255,Ireland
725,20200327,2121,302,Ireland
726,20200328,2415,294,Ireland
727,20200329,2615,200,Ireland
728,20200215,0,0,Israel
729,20200216,0,0,Israel
730,20200217,0,0,Israel
731,20200218,0,0,Israel
732,20200219,0,0,Israel
733,20200220,0,0,Israel
734,20200221,1,1,Israel
735,20200222,1,0,Israel
736,20200223,2,1,Israel
737,20200224,2,0,Israel
738,20200225,2,0,Israel
739,20200226,2,0,Israel
740,20200227,3,1,Israel
741,20200228,7,4,Israel
742,20200229,7,0,Israel
743,20200301,10,3,Israel
744,20200302,12,2,Israel
745,20200303,12,0,Israel
746,20200304,15,3,Israel
747,20200305,17,2,Israel
748,20200306,21,4,Israel
749,20200307,25,4,Israel
750,20200308,39,14,Israel
751,20200309,50,11,Israel
752,20200310,75,25,Israel
753,20200311,97,22,Israel
754,20200312,109,12,Israel
755,20200313,143,34,Israel
756,20200314,193,50,Israel
757,20200315,213,20,Israel
758,20200316,298,85,Israel
759,20200317,337,39,Israel
760,20200318,433,96,Israel
761,20200319,677,244,Israel
762,20200320,705,28,Israel
763,20200321,883,178,Israel
764,20200322,1071,188,Israel
765,20200323,1442,371,Israel
766,20200324,1930,488,Israel
767,20200325,2369,439,Israel
768,20200326,2693,324,Israel
769,20200327,3035,342,Israel
770,20200328,3619,584,Israel
771,20200329,4247,628,Israel
772,20200215,3,3,Italy
773,20200216,3,0,Italy
774,20200217,3,0,Italy
775,20200218,3,0,Italy
776,20200219,3,0,Italy
777,20200220,4,1,Italy
778,20200221,21,17,Italy
779,20200222,79,58,Italy
780,20200223,157,78,Italy
781,20200224,229,72,Italy
782,20200225,323,94,Italy
783,20200226,470,147,Italy
784,20200227,655,185,Italy
785,20200228,889,234,Italy
786,20200229,1128,239,Italy
787,20200301,1701,573,Italy
788,20200302,2036,335,Italy
789,20200303,2502,466,Italy
790,20200304,3089,587,Italy
791,20200305,3858,769,Italy
792,20200306,4636,778,Italy
793,20200307,5883,1247,Italy
794,20200308,7375,1492,Italy
795,20200309,9172,1797,Italy
796,20200310,10149,977,Italy
797,20200311,12462,2313,Italy
798,20200312,15113,2651,Italy
799,20200313,17660,2547,Italy
800,20200314,21157,3497,Italy
801,20200315,24747,3590,Italy
802,20200316,27980,3233,Italy
803,20200317,31506,3526,Italy
804,20200318,35713,4207,Italy
805,20200319,41035,5322,Italy
806,20200320,47021,5986,Italy
807,20200321,53578,6557,Italy
808,20200322,59138,5560,Italy
809,20200323,63927,4789,Italy
810,20200324,69176,5249,Italy
811,20200325,74386,5210,Italy
812,20200326,80589,6203,Italy
813,20200327,86498,5909,Italy
814,20200328,92472,5974,Italy
815,20200329,97689,5217,Italy
816,20200215,22,22,Malaysia
817,20200216,22,0,Malaysia
818,20200217,22,0,Malaysia
819,20200218,22,0,Malaysia
820,20200219,22,0,Malaysia
821,20200220,22,0,Malaysia
822,20200221,22,0,Malaysia
823,20200222,22,0,Malaysia
824,20200223,22,0,Malaysia
825,20200224,22,0,Malaysia
826,20200225,22,0,Malaysia
827,20200226,22,0,Malaysia
828,20200227,22,0,Malaysia
829,20200228,25,3,Malaysia
830,20200229,25,0,Malaysia
831,20200301,29,4,Malaysia
832,20200302,29,0,Malaysia
833,20200303,36,7,Malaysia
834,20200304,50,14,Malaysia
835,20200305,55,5,Malaysia
836,20200306,83,28,Malaysia
837,20200307,93,10,Malaysia
838,20200308,99,6,Malaysia
839,20200309,117,18,Malaysia
840,20200310,129,12,Malaysia
841,20200311,149,20,Malaysia
842,20200312,158,9,Malaysia
843,20200313,197,39,Malaysia
844,20200314,238,41,Malaysia
845,20200315,428,190,Malaysia
846,20200316,566,138,Malaysia
847,20200317,673,107,Malaysia
848,20200318,790,117,Malaysia
849,20200319,900,110,Malaysia
850,20200320,1030,130,Malaysia
851,20200321,1183,153,Malaysia
852,20200322,1306,123,Malaysia
853,20200323,1518,212,Malaysia
854,20200324,1624,106,Malaysia
855,20200325,1796,172,Malaysia
856,20200326,2031,235,Malaysia
857,20200327,2161,130,Malaysia
858,20200328,2320,159,Malaysia
859,20200329,2470,150,Malaysia
860,20200215,0,0,Netherlands
861,20200216,0,0,Netherlands
862,20200217,0,0,Netherlands
863,20200218,0,0,Netherlands
864,20200219,0,0,Netherlands
865,20200220,0,0,Netherlands
866,20200221,0,0,Netherlands
867,20200222,0,0,Netherlands
868,20200223,0,0,Netherlands
869,20200224,0,0,Netherlands
870,20200225,0,0,Netherlands
871,20200226,0,0,Netherlands
872,20200227,1,1,Netherlands
873,20200228,2,1,Netherlands
874,20200229,7,5,Netherlands
875,20200301,10,3,Netherlands
876,20200302,18,8,Netherlands
877,20200303,23,5,Netherlands
878,20200304,38,15,Netherlands
879,20200305,82,44,Netherlands
880,20200306,128,46,Netherlands
881,20200307,188,60,Netherlands
882,20200308,265,77,Netherlands
883,20200309,321,56,Netherlands
884,20200310,382,61,Netherlands
885,20200311,503,121,Netherlands
886,20200312,614,111,Netherlands
887,20200313,804,190,Netherlands
888,20200314,959,155,Netherlands
889,20200315,1135,176,Netherlands
890,20200316,1413,278,Netherlands
891,20200317,1705,292,Netherlands
892,20200318,2051,346,Netherlands
893,20200319,2460,409,Netherlands
894,20200320,2994,534,Netherlands
895,20200321,3631,637,Netherlands
896,20200322,4204,573,Netherlands
897,20200323,4749,545,Netherlands
898,20200324,5560,811,Netherlands
899,20200325,6412,852,Netherlands
900,20200326,7431,1019,Netherlands
901,20200327,8603,1172,Netherlands
902,20200328,9762,1159,Netherlands
903,20200329,10866,1104,Netherlands
904,20200215,0,0,Norway
905,20200216,0,0,Norway
906,20200217,0,0,Norway
907,20200218,0,0,Norway
908,20200219,0,0,Norway
909,20200220,0,0,Norway
910,20200221,0,0,Norway
911,20200222,0,0,Norway
912,20200223,0,0,Norway
913,20200224,0,0,Norway
914,20200225,0,0,Norway
915,20200226,1,1,Norway
916,20200227,4,3,Norway
917,20200228,6,2,Norway
918,20200229,15,9,Norway
919,20200301,19,4,Norway
920,20200302,25,6,Norway
921,20200303,33,8,Norway
922,20200304,59,26,Norway
923,20200305,94,35,Norway
924,20200306,127,33,Norway
925,20200307,156,29,Norway
926,20200308,176,20,Norway
927,20200309,227,51,Norway
928,20200310,400,173,Norway
929,20200311,629,229,Norway
930,20200312,800,171,Norway
931,20200313,996,196,Norway
932,20200314,1109,113,Norway
933,20200315,1256,147,Norway
934,20200316,1348,92,Norway
935,20200317,1471,123,Norway
936,20200318,1591,120,Norway
937,20200319,1790,199,Norway
938,20200320,1959,169,Norway
939,20200321,2164,205,Norway
940,20200322,2385,221,Norway
941,20200323,2625,240,Norway
942,20200324,2866,241,Norway
943,20200325,3084,218,Norway
944,20200326,3372,288,Norway
945,20200327,3771,399,Norway
946,20200328,4015,244,Norway
947,20200329,4284,269,Norway
948,20200215,3,3,Philippines
949,20200216,3,0,Philippines
950,20200217,3,0,Philippines
951,20200218,3,0,Philippines
952,20200219,3,0,Philippines
953,20200220,3,0,Philippines
954,20200221,3,0,Philippines
955,20200222,3,0,Philippines
956,20200223,3,0,Philippines
957,20200224,3,0,Philippines
958,20200225,3,0,Philippines
959,20200226,3,0,Philippines
960,20200227,3,0,Philippines
961,20200228,3,0,Philippines
962,20200229,3,0,Philippines
963,20200301,3,0,Philippines
964,20200302,3,0,Philippines
965,20200303,3,0,Philippines
966,20200304,3,0,Philippines
967,20200305,3,0,Philippines
968,20200306,5,2,Philippines
969,20200307,6,1,Philippines
970,20200308,10,4,Philippines
971,20200309,24,14,Philippines
972,20200310,33,9,Philippines
973,20200311,49,16,Philippines
974,20200312,52,3,Philippines
975,20200313,64,12,Philippines
976,20200314,111,47,Philippines
977,20200315,140,29,Philippines
978,20200316,142,2,Philippines
979,20200317,187,45,Philippines
980,20200318,202,15,Philippines
981,20200319,217,15,Philippines
982,20200320,230,13,Philippines
983,20200321,307,77,Philippines
984,20200322,380,73,Philippines
985,20200323,462,82,Philippines
986,20200324,552,90,Philippines
987,20200325,636,84,Philippines
988,20200326,707,71,Philippines
989,20200327,803,96,Philippines
990,20200328,1075,272,Philippines
991,20200329,1418,343,Philippines
992,20200215,0,0,Poland
993,20200216,0,0,Poland
994,20200217,0,0,Poland
995,20200218,0,0,Poland
996,20200219,0,0,Poland
997,20200220,0,0,Poland
998,20200221,0,0,Poland
999,20200222,0,0,Poland
1000,20200223,0,0,Poland
1001,20200224,0,0,Poland
1002,20200225,0,0,Poland
1003,20200226,0,0,Poland
1004,20200227,0,0,Poland
1005,20200228,0,0,Poland
1006,20200229,0,0,Poland
1007,20200301,0,0,Poland
1008,20200302,0,0,Poland
1009,20200303,0,0,Poland
1010,20200304,1,1,Poland
1011,20200305,1,0,Poland
1012,20200306,5,4,Poland
1013,20200307,6,1,Poland
1014,20200308,11,5,Poland
1015,20200309,17,6,Poland
1016,20200310,22,5,Poland
1017,20200311,31,9,Poland
1018,20200312,51,20,Poland
1019,20200313,68,17,Poland
1020,20200314,104,36,Poland
1021,20200315,125,21,Poland
1022,20200316,177,52,Poland
1023,20200317,238,61,Poland
1024,20200318,287,49,Poland
1025,20200319,355,68,Poland
1026,20200320,425,70,Poland
1027,20200321,536,111,Poland
1028,20200322,634,98,Poland
1029,20200323,749,115,Poland
1030,20200324,901,152,Poland
1031,20200325,1051,150,Poland
1032,20200326,1221,170,Poland
1033,20200327,1389,168,Poland
1034,20200328,1638,249,Poland
1035,20200329,1862,224,Poland
1036,20200215,0,0,Portugal
1037,20200216,0,0,Portugal
1038,20200217,0,0,Portugal
1039,20200218,0,0,Portugal
1040,20200219,0,0,Portugal
1041,20200220,0,0,Portugal
1042,20200221,0,0,Portugal
1043,20200222,0,0,Portugal
1044,20200223,0,0,Portugal
1045,20200224,0,0,Portugal
1046,20200225,0,0,Portugal
1047,20200226,0,0,Portugal
1048,20200227,0,0,Portugal
1049,20200228,0,0,Portugal
1050,20200229,0,0,Portugal
1051,20200301,0,0,Portugal
1052,20200302,2,2,Portugal
1053,20200303,4,2,Portugal
1054,20200304,6,2,Portugal
1055,20200305,9,3,Portugal
1056,20200306,13,4,Portugal
1057,20200307,21,8,Portugal
1058,20200308,30,9,Portugal
1059,20200309,39,9,Portugal
1060,20200310,41,2,Portugal
1061,20200311,61,20,Portugal
1062,20200312,78,17,Portugal
1063,20200313,112,34,Portugal
1064,20200314,169,57,Portugal
1065,20200315,245,76,Portugal
1066,20200316,331,86,Portugal
1067,20200317,448,117,Portugal
1068,20200318,642,194,Portugal
1069,20200319,786,144,Portugal
1070,20200320,1020,234,Portugal
1071,20200321,1280,260,Portugal
1072,20200322,1600,320,Portugal
1073,20200323,2060,460,Portugal
1074,20200324,2362,302,Portugal
1075,20200325,2995,633,Portugal
1076,20200326,3544,549,Portugal
1077,20200327,4268,724,Portugal
1078,20200328,5170,902,Portugal
1079,20200329,5962,792,Portugal
1080,20200215,28,28,South Korea
1081,20200216,29,1,South Korea
1082,20200217,30,1,South Korea
1083,20200218,31,1,South Korea
1084,20200219,58,27,South Korea
1085,20200220,111,53,South Korea
1086,20200221,209,98,South Korea
1087,20200222,436,227,South Korea
1088,20200223,602,166,South Korea
1089,20200224,833,231,South Korea
1090,20200225,977,144,South Korea
1091,20200226,1261,284,South Korea
1092,20200227,1766,505,South Korea
1093,20200228,2337,571,South Korea
1094,20200229,3150,813,South Korea
1095,20200301,3736,586,South Korea
1096,20200302,4335,599,South Korea
1097,20200303,5186,851,South Korea
1098,20200304,5621,435,South Korea
1099,20200305,6284,663,South Korea
1100,20200306,6593,309,South Korea
1101,20200307,7041,448,South Korea
1102,20200308,7313,272,South Korea
1103,20200309,7478,165,South Korea
1104,20200310,7513,35,South Korea
1105,20200311,7755,242,South Korea
1106,20200312,7869,114,South Korea
1107,20200313,7979,110,South Korea
1108,20200314,8086,107,South Korea
1109,20200315,8162,76,South Korea
1110,20200316,8236,74,South Korea
1111,20200317,8320,84,South Korea
1112,20200318,8413,93,South Korea
1113,20200319,8565,152,South Korea
1114,20200320,8652,87,South Korea
1115,20200321,8799,147,South Korea
1116,20200322,8897,98,South Korea
1117,20200323,8961,64,South Korea
1118,20200324,9037,76,South Korea
1119,20200325,9137,100,South Korea
1120,20200326,9241,104,South Korea
1121,20200327,9332,91,South Korea
1122,20200328,9478,146,South Korea
1123,20200329,9583,105,South Korea
1124,20200215,2,2,Spain
1125,20200216,2,0,Spain
1126,20200217,2,0,Spain
1127,20200218,2,0,Spain
1128,20200219,2,0,Spain
1129,20200220,2,0,Spain
1130,20200221,2,0,Spain
1131,20200222,2,0,Spain
1132,20200223,2,0,Spain
1133,20200224,3,1,Spain
1134,20200225,9,6,Spain
1135,20200226,13,4,Spain
1136,20200227,25,12,Spain
1137,20200228,33,8,Spain
1138,20200229,58,25,Spain
1139,20200301,84,26,Spain
1140,20200302,120,36,Spain
1141,20200303,165,45,Spain
1142,20200304,228,63,Spain
1143,20200305,282,54,Spain
1144,20200306,401,119,Spain
1145,20200307,525,124,Spain
1146,20200308,674,149,Spain
1147,20200309,1231,557,Spain
1148,20200310,1695,464,Spain
1149,20200311,2277,582,Spain
1150,20200312,3146,869,Spain
1151,20200313,5232,2086,Spain
1152,20200314,6391,1159,Spain
1153,20200315,7988,1597,Spain
1154,20200316,9942,1954,Spain
1155,20200317,11826,1884,Spain
1156,20200318,14769,2943,Spain
1157,20200319,18077,3308,Spain
1158,20200320,21571,3494,Spain
1159,20200321,25496,3925,Spain
1160,20200322,28768,3272,Spain
1161,20200323,35136,6368,Spain
1162,20200324,42058,6922,Spain
1163,20200325,49515,7457,Spain
1164,20200326,57786,8271,Spain
1165,20200327,65719,7933,Spain
1166,20200328,73235,7516,Spain
1167,20200329,80110,6875,Spain
1168,20200215,1,1,Sweden
1169,20200216,1,0,Sweden
1170,20200217,1,0,Sweden
1171,20200218,1,0,Sweden
1172,20200219,1,0,Sweden
1173,20200220,1,0,Sweden
1174,20200221,1,0,Sweden
1175,20200222,1,0,Sweden
1176,20200223,1,0,Sweden
1177,20200224,1,0,Sweden
1178,20200225,1,0,Sweden
1179,20200226,2,1,Sweden
1180,20200227,7,5,Sweden
1181,20200228,11,4,Sweden
1182,20200229,13,2,Sweden
1183,20200301,14,1,Sweden
1184,20200302,15,1,Sweden
1185,20200303,30,15,Sweden
1186,20200304,52,22,Sweden
1187,20200305,94,42,Sweden
1188,20200306,137,43,Sweden
1189,20200307,161,24,Sweden
1190,20200308,203,42,Sweden
1191,20200309,260,57,Sweden
1192,20200310,355,95,Sweden
1193,20200311,500,145,Sweden
1194,20200312,687,187,Sweden
1195,20200313,814,127,Sweden
1196,20200314,961,147,Sweden
1197,20200315,1040,79,Sweden
1198,20200316,1121,81,Sweden
1199,20200317,1196,75,Sweden
1200,20200318,1301,105,Sweden
1201,20200319,1439,138,Sweden
1202,20200320,1639,200,Sweden
1203,20200321,1770,131,Sweden
1204,20200322,1934,164,Sweden
1205,20200323,2046,112,Sweden
1206,20200324,2299,253,Sweden
1207,20200325,2526,227,Sweden
1208,20200326,2840,314,Sweden
1209,20200327,3069,229,Sweden
1210,20200328,3447,378,Sweden
1211,20200329,3700,253,Sweden
1212,20200215,0,0,Switzerland
1213,20200216,0,0,Switzerland
1214,20200217,0,0,Switzerland
1215,20200218,0,0,Switzerland
1216,20200219,0,0,Switzerland
1217,20200220,0,0,Switzerland
1218,20200221,0,0,Switzerland
1219,20200222,0,0,Switzerland
1220,20200223,0,0,Switzerland
1221,20200224,0,0,Switzerland
1222,20200225,1,1,Switzerland
1223,20200226,1,0,Switzerland
1224,20200227,8,7,Switzerland
1225,20200228,15,7,Switzerland
1226,20200229,19,4,Switzerland
1227,20200301,24,5,Switzerland
1228,20200302,30,6,Switzerland
1229,20200303,58,28,Switzerland
1230,20200304,93,35,Switzerland
1231,20200305,120,27,Switzerland
1232,20200306,214,94,Switzerland
1233,20200307,268,54,Switzerland
1234,20200308,332,64,Switzerland
1235,20200309,374,42,Switzerland
1236,20200310,497,123,Switzerland
1237,20200311,652,155,Switzerland
1238,20200312,868,216,Switzerland
1239,20200313,1139,271,Switzerland
1240,20200314,1375,236,Switzerland
1241,20200315,2217,842,Switzerland
1242,20200316,2353,136,Switzerland
1243,20200317,2742,389,Switzerland
1244,20200318,3115,373,Switzerland
1245,20200319,4222,1107,Switzerland
1246,20200320,5615,1393,Switzerland
1247,20200321,6863,1248,Switzerland
1248,20200322,7474,611,Switzerland
1249,20200323,8795,1321,Switzerland
1250,20200324,9877,1082,Switzerland
1251,20200325,10897,1020,Switzerland
1252,20200326,11811,914,Switzerland
1253,20200327,12928,1117,Switzerland
1254,20200328,14076,1148,Switzerland
1255,20200329,14829,753,Switzerland
1256,20200215,0,0,Turkey
1257,20200216,0,0,Turkey
1258,20200217,0,0,Turkey
1259,20200218,0,0,Turkey
1260,20200219,0,0,Turkey
1261,20200220,0,0,Turkey
1262,20200221,0,0,Turkey
1263,20200222,0,0,Turkey
1264,20200223,0,0,Turkey
1265,20200224,0,0,Turkey
1266,20200225,0,0,Turkey
1267,20200226,0,0,Turkey
1268,20200227,0,0,Turkey
1269,20200228,0,0,Turkey
1270,20200229,0,0,Turkey
1271,20200301,0,0,Turkey
1272,20200302,0,0,Turkey
1273,20200303,0,0,Turkey
1274,20200304,0,0,Turkey
1275,20200305,0,0,Turkey
1276,20200306,0,0,Turkey
1277,20200307,0,0,Turkey
1278,20200308,0,0,Turkey
1279,20200309,0,0,Turkey
1280,20200310,1,1,Turkey
1281,20200311,1,0,Turkey
1282,20200312,1,0,Turkey
1283,20200313,5,4,Turkey
1284,20200314,6,1,Turkey
1285,20200315,18,12,Turkey
1286,20200316,47,29,Turkey
1287,20200317,98,51,Turkey
1288,20200318,191,93,Turkey
1289,20200319,359,168,Turkey
1290,20200320,670,311,Turkey
1291,20200321,947,277,Turkey
1292,20200322,1236,289,Turkey
1293,20200323,1529,293,Turkey
1294,20200324,1872,343,Turkey
1295,20200325,2433,561,Turkey
1296,20200326,3629,1196,Turkey
1297,20200327,5698,2069,Turkey
1298,20200328,7402,1704,Turkey
1299,20200329,9217,1815,Turkey
1300,20200215,9,9,Uk
1301,20200216,9,0,Uk
1302,20200217,9,0,Uk
1303,20200218,9,0,Uk
1304,20200219,9,0,Uk
1305,20200220,9,0,Uk
1306,20200221,9,0,Uk
1307,20200222,9,0,Uk
1308,20200223,13,4,Uk
1309,20200224,13,0,Uk
1310,20200225,13,0,Uk
1311,20200226,13,0,Uk
1312,20200227,16,3,Uk
1313,20200228,20,4,Uk
1314,20200229,23,3,Uk
1315,20200301,36,13,Uk
1316,20200302,39,3,Uk
1317,20200303,51,12,Uk
1318,20200304,87,36,Uk
1319,20200305,116,29,Uk
1320,20200306,164,48,Uk
1321,20200307,209,45,Uk
1322,20200308,278,69,Uk
1323,20200309,321,43,Uk
1324,20200310,383,62,Uk
1325,20200311,460,77,Uk
1326,20200312,590,130,Uk
1327,20200313,798,208,Uk
1328,20200314,1140,342,Uk
1329,20200315,1391,251,Uk
1330,20200316,1543,152,Uk
1331,20200317,1950,407,Uk
1332,20200318,2626,676,Uk
1333,20200319,3269,643,Uk
1334,20200320,3983,714,Uk
1335,20200321,5018,1035,Uk
1336,20200322,5683,665,Uk
1337,20200323,6650,967,Uk
1338,20200324,8077,1427,Uk
1339,20200325,9529,1452,Uk
1340,20200326,11658,2129,Uk
1341,20200327,14543,2885,Uk
1342,20200328,17089,2546,Uk
1343,20200329,19522,2433,Uk
1344,20200215,15,15,US
1345,20200216,15,0,US
1346,20200217,15,0,US
1347,20200218,15,0,US
1348,20200219,15,0,US
1349,20200220,15,0,US
1350,20200221,35,20,US
1351,20200222,35,0,US
1352,20200223,35,0,US
1353,20200224,53,18,US
1354,20200225,57,4,US
1355,20200226,60,3,US
1356,20200227,60,0,US
1357,20200228,63,3,US
1358,20200229,68,5,US
1359,20200301,75,7,US
1360,20200302,100,25,US
1361,20200303,124,24,US
1362,20200304,158,34,US
1363,20200305,221,63,US
1364,20200306,319,98,US
1365,20200307,435,116,US
1366,20200308,541,106,US
1367,20200309,704,163,US
1368,20200310,994,290,US
1369,20200311,1301,307,US
1370,20200312,1630,329,US
1371,20200313,2183,553,US
1372,20200314,2770,587,US
1373,20200315,3613,843,US
1374,20200316,4596,983,US
1375,20200317,6344,1748,US
1376,20200318,9197,2853,US
1377,20200319,13779,4582,US
1378,20200320,19367,5588,US
1379,20200321,24192,4825,US
1380,20200322,33592,9400,US
1381,20200323,43781,10189,US
1382,20200324,54856,11075,US
1383,20200325,68211,13355,US
1384,20200326,85435,17224,US
1385,20200327,104126,18691,US
1386,20200328,123578,19452,US
1387,20200329,142460,18882,US
