date,cum_cases,cum_deaths,new_cases,new_deaths,country
20200215,0,0,0,0,Algeria
20200216,0,0,0,0,Algeria
20200217,0,0,0,0,Algeria
20200218,0,0,0,0,Algeria
20200219,0,0,0,0,Algeria
20200220,0,0,0,0,Algeria
20200221,0,0,0,0,Algeria
20200222,0,0,0,0,Algeria
20200223,0,0,0,0,Algeria
20200224,0,0,0,0,Algeria
20200225,1,0,1,0,Algeria
20200226,1,0,0,0,Algeria
20200227,1,0,0,0,Algeria
20200228,1,0,0,0,Algeria
20200229,1,0,0,0,Algeria
20200301,3,0,2,0,Algeria
20200302,5,0,2,0,Algeria
20200303,8,0,3,0,Algeria
20200304,17,0,9,0,Algeria
20200305,17,0,0,0,Algeria
20200306,17,0,0,0,Algeria
20200307,19,0,2,0,Algeria
20200308,20,0,1,0,Algeria
20200309,20,0,0,0,Algeria
20200310,20,0,0,0,Algeria
20200311,20,0,0,0,Algeria
20200312,26,2,6,2,Algeria
20200313,26,2,0,0,Algeria
20200314,39,3,13,1,Algeria
20200315,54,4,15,1,Algeria
20200316,60,4,6,0,Algeria
20200317,61,5,1,1,Algeria
20200318,75,7,14,2,Algeria
20200319,90,9,15,2,Algeria
20200320,94,11,4,2,Algeria
20200321,139,15,45,4,Algeria
20200322,201,17,62,2,Algeria
20200323,230,17,29,0,Algeria
20200324,264,19,34,2,Algeria
20200325,302,21,38,2,Algeria
20200326,367,25,65,4,Algeria
20200327,409,26,42,1,Algeria
20200328,454,29,45,3,Algeria
20200329,511,31,57,2,Algeria
20200330,584,35,73,4,Algeria
20200331,716,44,132,9,Algeria
20200401,847,58,131,14,Algeria
20200402,986,86,139,28,Algeria
20200403,1171,105,185,19,Algeria
20200404,1251,130,80,25,Algeria
20200405,1320,152,69,22,Algeria
20200406,1423,173,103,21,Algeria
20200407,1468,193,45,20,Algeria
20200408,1572,205,104,12,Algeria
20200409,1666,235,94,30,Algeria
20200410,1761,256,95,21,Algeria
20200411,1825,275,64,19,Algeria
20200215,15,0,15,0,Australia
20200216,15,0,0,0,Australia
20200217,15,0,0,0,Australia
20200218,15,0,0,0,Australia
20200219,15,0,0,0,Australia
20200220,17,0,2,0,Australia
20200221,19,0,2,0,Australia
20200222,21,0,2,0,Australia
20200223,22,0,1,0,Australia
20200224,22,0,0,0,Australia
20200225,22,0,0,0,Australia
20200226,23,0,1,0,Australia
20200227,23,0,0,0,Australia
20200228,25,0,2,0,Australia
20200229,25,0,0,0,Australia
20200301,29,1,4,1,Australia
20200302,33,1,4,0,Australia
20200303,39,1,6,0,Australia
20200304,53,2,14,1,Australia
20200305,60,2,7,0,Australia
20200306,63,2,3,0,Australia
20200307,74,3,11,1,Australia
20200308,83,3,9,0,Australia
20200309,93,3,10,0,Australia
20200310,116,3,23,0,Australia
20200311,128,3,12,0,Australia
20200312,156,3,28,0,Australia
20200313,199,3,43,0,Australia
20200314,248,3,49,0,Australia
20200315,300,5,52,2,Australia
20200316,401,5,101,0,Australia
20200317,455,5,54,0,Australia
20200318,596,6,141,1,Australia
20200319,756,7,160,1,Australia
20200320,928,7,172,0,Australia
20200321,1072,7,144,0,Australia
20200322,1609,7,537,0,Australia
20200323,1887,7,278,0,Australia
20200324,2317,8,430,1,Australia
20200325,2676,11,359,3,Australia
20200326,3050,13,374,2,Australia
20200327,3378,13,328,0,Australia
20200328,3635,14,257,1,Australia
20200329,4163,17,528,3,Australia
20200330,4460,19,297,2,Australia
20200331,4763,20,303,1,Australia
20200401,5048,23,285,3,Australia
20200402,5314,25,266,2,Australia
20200403,5454,28,140,3,Australia
20200404,5550,30,96,2,Australia
20200405,5750,37,200,7,Australia
20200406,5895,45,145,8,Australia
20200407,5988,49,93,4,Australia
20200408,6052,50,64,1,Australia
20200409,6152,51,100,1,Australia
20200410,6238,54,86,3,Australia
20200411,6303,56,65,2,Australia
20200215,0,0,0,0,Austria
20200216,0,0,0,0,Austria
20200217,0,0,0,0,Austria
20200218,0,0,0,0,Austria
20200219,0,0,0,0,Austria
20200220,0,0,0,0,Austria
20200221,0,0,0,0,Austria
20200222,0,0,0,0,Austria
20200223,0,0,0,0,Austria
20200224,0,0,0,0,Austria
20200225,2,0,2,0,Austria
20200226,2,0,0,0,Austria
20200227,5,0,3,0,Austria
20200228,7,0,2,0,Austria
20200229,10,0,3,0,Austria
20200301,14,0,4,0,Austria
20200302,18,0,4,0,Austria
20200303,24,0,6,0,Austria
20200304,29,0,5,0,Austria
20200305,43,0,14,0,Austria
20200306,66,0,23,0,Austria
20200307,81,0,15,0,Austria
20200308,104,0,23,0,Austria
20200309,131,0,27,0,Austria
20200310,182,0,51,0,Austria
20200311,246,0,64,0,Austria
20200312,361,1,115,1,Austria
20200313,504,1,143,0,Austria
20200314,655,1,151,0,Austria
20200315,860,1,205,0,Austria
20200316,1018,3,158,2,Austria
20200317,1332,4,314,1,Austria
20200318,1646,4,314,0,Austria
20200319,2179,6,533,2,Austria
20200320,2649,6,470,0,Austria
20200321,2992,8,343,2,Austria
20200322,3582,16,590,8,Austria
20200323,4474,21,892,5,Austria
20200324,5283,28,809,7,Austria
20200325,5588,31,305,3,Austria
20200326,6909,49,1321,18,Austria
20200327,7697,58,788,9,Austria
20200328,8271,68,574,10,Austria
20200329,8788,86,517,18,Austria
20200330,9618,108,830,22,Austria
20200331,10180,128,562,20,Austria
20200401,10711,146,531,18,Austria
20200402,11129,158,418,12,Austria
20200403,11524,168,395,10,Austria
20200404,11781,186,257,18,Austria
20200405,12051,204,270,18,Austria
20200406,12297,220,246,16,Austria
20200407,12639,243,342,23,Austria
20200408,12942,273,303,30,Austria
20200409,13244,295,302,22,Austria
20200410,13560,319,316,24,Austria
20200411,13806,337,246,18,Austria
20200215,1,0,1,0,Belgium
20200216,1,0,0,0,Belgium
20200217,1,0,0,0,Belgium
20200218,1,0,0,0,Belgium
20200219,1,0,0,0,Belgium
20200220,1,0,0,0,Belgium
20200221,1,0,0,0,Belgium
20200222,1,0,0,0,Belgium
20200223,1,0,0,0,Belgium
20200224,1,0,0,0,Belgium
20200225,1,0,0,0,Belgium
20200226,1,0,0,0,Belgium
20200227,1,0,0,0,Belgium
20200228,1,0,0,0,Belgium
20200229,1,0,0,0,Belgium
20200301,2,0,1,0,Belgium
20200302,8,0,6,0,Belgium
20200303,15,0,7,0,Belgium
20200304,23,0,8,0,Belgium
20200305,50,0,27,0,Belgium
20200306,109,0,59,0,Belgium
20200307,169,0,60,0,Belgium
20200308,200,0,31,0,Belgium
20200309,239,0,39,0,Belgium
20200310,267,0,28,0,Belgium
20200311,314,3,47,3,Belgium
20200312,399,3,85,0,Belgium
20200313,559,3,160,0,Belgium
20200314,689,4,130,1,Belgium
20200315,886,4,197,0,Belgium
20200316,1058,10,172,6,Belgium
20200317,1243,10,185,0,Belgium
20200318,1486,14,243,4,Belgium
20200319,1795,21,309,7,Belgium
20200320,2257,37,462,16,Belgium
20200321,2815,67,558,30,Belgium
20200322,3401,75,586,8,Belgium
20200323,3743,88,342,13,Belgium
20200324,4269,122,526,34,Belgium
20200325,4937,178,668,56,Belgium
20200326,6235,220,1298,42,Belgium
20200327,7284,289,1049,69,Belgium
20200328,9134,353,1850,64,Belgium
20200329,10836,431,1702,78,Belgium
20200330,11899,513,1063,82,Belgium
20200331,12775,705,876,192,Belgium
20200401,13964,828,1189,123,Belgium
20200402,15348,1011,1384,183,Belgium
20200403,16770,1143,1422,132,Belgium
20200404,18431,1283,1661,140,Belgium
20200405,19691,1447,1260,164,Belgium
20200406,20814,1632,1123,185,Belgium
20200407,22194,2035,1380,403,Belgium
20200408,23403,2240,1209,205,Belgium
20200409,24983,2523,1580,283,Belgium
20200410,26667,3019,1684,496,Belgium
20200411,28018,3346,1351,327,Belgium
20200215,0,0,0,0,Brazil
20200216,0,0,0,0,Brazil
20200217,0,0,0,0,Brazil
20200218,0,0,0,0,Brazil
20200219,0,0,0,0,Brazil
20200220,0,0,0,0,Brazil
20200221,0,0,0,0,Brazil
20200222,0,0,0,0,Brazil
20200223,0,0,0,0,Brazil
20200224,0,0,0,0,Brazil
20200225,1,0,1,0,Brazil
20200226,1,0,0,0,Brazil
20200227,1,0,0,0,Brazil
20200228,1,0,0,0,Brazil
20200229,2,0,1,0,Brazil
20200301,2,0,0,0,Brazil
20200302,2,0,0,0,Brazil
20200303,2,0,0,0,Brazil
20200304,3,0,1,0,Brazil
20200305,8,0,5,0,Brazil
20200306,13,0,5,0,Brazil
20200307,19,0,6,0,Brazil
20200308,25,0,6,0,Brazil
20200309,25,0,0,0,Brazil
20200310,34,0,9,0,Brazil
20200311,52,0,18,0,Brazil
20200312,77,0,25,0,Brazil
20200313,151,0,74,0,Brazil
20200314,151,0,0,0,Brazil
20200315,200,0,49,0,Brazil
20200316,234,0,34,0,Brazil
20200317,346,1,112,1,Brazil
20200318,529,4,183,3,Brazil
20200319,640,7,111,3,Brazil
20200320,970,11,330,4,Brazil
20200321,1178,18,208,7,Brazil
20200322,1546,25,368,7,Brazil
20200323,1924,34,378,9,Brazil
20200324,2247,46,323,12,Brazil
20200325,2554,59,307,13,Brazil
20200326,2985,77,431,18,Brazil
20200327,3417,92,432,15,Brazil
20200328,3904,114,487,22,Brazil
20200329,4256,136,352,22,Brazil
20200330,4630,163,374,27,Brazil
20200331,5717,201,1087,38,Brazil
20200401,6880,242,1163,41,Brazil
20200402,8044,324,1164,82,Brazil
20200403,9194,363,1150,39,Brazil
20200404,10360,445,1166,82,Brazil
20200405,11254,486,894,41,Brazil
20200406,12183,564,929,78,Brazil
20200407,14034,686,1851,122,Brazil
20200408,16188,820,2154,134,Brazil
20200409,18145,954,1957,134,Brazil
20200410,19789,1068,1644,114,Brazil
20200411,20962,1140,1173,72,Brazil
20200215,8,0,8,0,Canada
20200216,8,0,0,0,Canada
20200217,8,0,0,0,Canada
20200218,8,0,0,0,Canada
20200219,8,0,0,0,Canada
20200220,8,0,0,0,Canada
20200221,9,0,1,0,Canada
20200222,9,0,0,0,Canada
20200223,10,0,1,0,Canada
20200224,11,0,1,0,Canada
20200225,11,0,0,0,Canada
20200226,12,0,1,0,Canada
20200227,14,0,2,0,Canada
20200228,15,0,1,0,Canada
20200229,20,0,5,0,Canada
20200301,24,0,4,0,Canada
20200302,27,0,3,0,Canada
20200303,30,0,3,0,Canada
20200304,34,0,4,0,Canada
20200305,37,0,3,0,Canada
20200306,54,0,17,0,Canada
20200307,60,0,6,0,Canada
20200308,66,0,6,0,Canada
20200309,77,1,11,1,Canada
20200310,95,1,18,0,Canada
20200311,110,1,15,0,Canada
20200312,142,1,32,0,Canada
20200313,198,1,56,0,Canada
20200314,252,1,54,0,Canada
20200315,341,1,89,0,Canada
20200316,441,4,100,3,Canada
20200317,598,8,157,4,Canada
20200318,727,9,129,1,Canada
20200319,873,12,146,3,Canada
20200320,1087,12,214,0,Canada
20200321,1328,19,241,7,Canada
20200322,1470,20,142,1,Canada
20200323,2091,24,621,4,Canada
20200324,2792,26,701,2,Canada
20200325,3409,36,617,10,Canada
20200326,4043,39,634,3,Canada
20200327,4757,55,714,16,Canada
20200328,5655,60,898,5,Canada
20200329,6320,65,665,5,Canada
20200330,7448,89,1128,24,Canada
20200331,8612,101,1164,12,Canada
20200401,9731,114,1119,13,Canada
20200402,11283,173,1552,59,Canada
20200403,12375,208,1092,35,Canada
20200404,13912,231,1537,23,Canada
20200405,15512,280,1600,49,Canada
20200406,16667,323,1155,43,Canada
20200407,17897,381,1230,58,Canada
20200408,19438,427,1541,46,Canada
20200409,20765,509,1327,82,Canada
20200410,22148,569,1383,60,Canada
20200411,23318,653,1170,84,Canada
20200122,571,17,571,17,China
20200123,830,25,259,8,China
20200124,1287,41,457,16,China
20200125,1975,56,688,15,China
20200126,2744,80,769,24,China
20200127,4515,106,1771,26,China
20200128,5974,132,1459,26,China
20200129,7711,170,1737,38,China
20200130,9692,213,1981,43,China
20200131,11791,259,2099,46,China
20200201,14380,304,2589,45,China
20200202,17205,361,2825,57,China
20200203,20440,425,3235,64,China
20200204,24324,490,3884,65,China
20200205,28018,563,3694,73,China
20200206,31161,636,3143,73,China
20200207,34546,722,3385,86,China
20200208,37198,811,2652,89,China
20200209,40171,908,2973,97,China
20200210,42638,1016,2467,108,China
20200211,44653,1113,2015,97,China
20200212,58761,1259,14108,146,China
20200213,63851,1380,5090,121,China
20200214,66492,1523,2641,143,China
20200215,68500,1665,2008,142,China
20200216,70548,1770,2048,105,China
20200217,72436,1868,1888,98,China
20200218,74185,2004,1749,136,China
20200219,74576,2118,391,114,China
20200220,75465,2236,889,118,China
20200221,76288,2345,823,109,China
20200222,76936,2442,648,97,China
20200223,77150,2592,214,150,China
20200224,77658,2663,508,71,China
20200225,78064,2715,406,52,China
20200226,78497,2744,433,29,China
20200227,78824,2788,327,44,China
20200228,79251,2835,427,47,China
20200229,79824,2870,573,35,China
20200301,80026,2912,202,42,China
20200302,80151,2943,125,31,China
20200303,80270,2981,119,38,China
20200304,80409,3012,139,31,China
20200305,80552,3042,143,30,China
20200306,80651,3070,99,28,China
20200307,80695,3097,44,27,China
20200308,80735,3119,40,22,China
20200309,80754,3136,19,17,China
20200310,80778,3158,24,22,China
20200311,80793,3169,15,11,China
20200312,80813,3176,20,7,China
20200313,80824,3189,11,13,China
20200314,80844,3199,20,10,China
20200315,80860,3213,16,14,China
20200316,80881,3226,21,13,China
20200317,80894,3237,13,11,China
20200318,80928,3245,34,8,China
20200319,80967,3248,39,3,China
20200320,81008,3255,41,7,China
20200321,81054,3261,46,6,China
20200322,81093,3270,39,9,China
20200323,81171,3277,78,7,China
20200324,81218,3281,47,4,China
20200325,81285,3287,67,6,China
20200326,81340,3292,55,5,China
20200327,81394,3295,54,3,China
20200328,81439,3300,45,5,China
20200329,81439,3300,0,0,China
20200330,81518,3305,79,5,China
20200331,81554,3312,36,7,China
20200401,81589,3318,35,6,China
20200402,81620,3322,31,4,China
20200403,81639,3326,19,4,China
20200404,81669,3329,30,3,China
20200405,81708,3331,39,2,China
20200406,81740,3331,32,0,China
20200407,81802,3333,62,2,China
20200408,81865,3335,63,2,China
20200409,81907,3336,42,1,China
20200410,81953,3339,46,3,China
20200411,82052,3339,99,0,China
20200215,0,0,0,0,Denmark
20200216,0,0,0,0,Denmark
20200217,0,0,0,0,Denmark
20200218,0,0,0,0,Denmark
20200219,0,0,0,0,Denmark
20200220,0,0,0,0,Denmark
20200221,0,0,0,0,Denmark
20200222,0,0,0,0,Denmark
20200223,0,0,0,0,Denmark
20200224,0,0,0,0,Denmark
20200225,0,0,0,0,Denmark
20200226,0,0,0,0,Denmark
20200227,1,0,1,0,Denmark
20200228,2,0,1,0,Denmark
20200229,3,0,1,0,Denmark
20200301,4,0,1,0,Denmark
20200302,4,0,0,0,Denmark
20200303,10,0,6,0,Denmark
20200304,14,0,4,0,Denmark
20200305,19,0,5,0,Denmark
20200306,21,0,2,0,Denmark
20200307,27,0,6,0,Denmark
20200308,35,0,8,0,Denmark
20200309,90,0,55,0,Denmark
20200310,262,0,172,0,Denmark
20200311,514,0,252,0,Denmark
20200312,674,0,160,0,Denmark
20200313,804,0,130,0,Denmark
20200314,836,1,32,1,Denmark
20200315,864,2,28,1,Denmark
20200316,914,4,50,2,Denmark
20200317,977,4,63,0,Denmark
20200318,1057,4,80,0,Denmark
20200319,1151,6,94,2,Denmark
20200320,1255,9,104,3,Denmark
20200321,1326,13,71,4,Denmark
20200322,1395,13,69,0,Denmark
20200323,1460,24,65,11,Denmark
20200324,1591,32,131,8,Denmark
20200325,1724,34,133,2,Denmark
20200326,1877,41,153,7,Denmark
20200327,2046,52,169,11,Denmark
20200328,2201,65,155,13,Denmark
20200329,2395,72,194,7,Denmark
20200330,2577,77,182,5,Denmark
20200331,2860,90,283,13,Denmark
20200401,3107,104,247,14,Denmark
20200402,3386,123,279,19,Denmark
20200403,3757,139,371,16,Denmark
20200404,4077,161,320,22,Denmark
20200405,4369,179,292,18,Denmark
20200406,4681,187,312,8,Denmark
20200407,5071,203,390,16,Denmark
20200408,5402,218,331,15,Denmark
20200409,5635,237,233,19,Denmark
20200410,5819,247,184,10,Denmark
20200411,5996,260,177,13,Denmark
20200215,12,1,12,1,France
20200216,12,1,0,0,France
20200217,12,1,0,0,France
20200218,12,1,0,0,France
20200219,12,1,0,0,France
20200220,12,1,0,0,France
20200221,12,1,0,0,France
20200222,12,1,0,0,France
20200223,12,1,0,0,France
20200224,12,1,0,0,France
20200225,14,1,2,0,France
20200226,18,2,4,1,France
20200227,38,2,20,0,France
20200228,57,2,19,0,France
20200229,100,2,43,0,France
20200301,130,2,30,0,France
20200302,191,3,61,1,France
20200303,212,4,21,1,France
20200304,285,4,73,0,France
20200305,423,7,138,3,France
20200306,653,9,230,2,France
20200307,949,16,296,7,France
20200308,1209,19,260,3,France
20200309,1412,30,203,11,France
20200310,1784,33,372,3,France
20200311,2281,48,497,15,France
20200312,2876,61,595,13,France
20200313,3661,79,785,18,France
20200314,4499,91,838,12,France
20200315,5423,127,924,36,France
20200316,6633,148,1210,21,France
20200317,7730,175,1097,27,France
20200318,9134,264,1404,89,France
20200319,10995,372,1861,108,France
20200320,12612,450,1617,78,France
20200321,14459,562,1847,112,France
20200322,16018,674,1559,112,France
20200323,19856,860,3838,186,France
20200324,22304,1100,2448,240,France
20200325,25233,1331,2929,231,France
20200326,29155,1696,3922,365,France
20200327,32964,1995,3809,299,France
20200328,37575,2314,4611,319,France
20200329,40174,2606,2599,292,France
20200330,44550,3024,4376,418,France
20200331,52128,3523,7578,499,France
20200401,56989,4032,4861,509,France
20200402,59105,5387,2116,1355,France
20200403,82165,6507,23060,1120,France
20200404,89953,7560,7788,1053,France
20200405,92839,8078,2886,518,France
20200406,98010,8911,5171,833,France
20200407,109069,10328,11059,1417,France
20200408,112950,10869,3881,541,France
20200409,117749,12210,4799,1341,France
20200410,124869,13197,7120,987,France
20200411,129654,13832,4785,635,France
20200215,16,0,16,0,Germany
20200216,16,0,0,0,Germany
20200217,16,0,0,0,Germany
20200218,16,0,0,0,Germany
20200219,16,0,0,0,Germany
20200220,16,0,0,0,Germany
20200221,16,0,0,0,Germany
20200222,16,0,0,0,Germany
20200223,16,0,0,0,Germany
20200224,16,0,0,0,Germany
20200225,18,0,2,0,Germany
20200226,26,0,8,0,Germany
20200227,48,0,22,0,Germany
20200228,74,0,26,0,Germany
20200229,79,0,5,0,Germany
20200301,130,0,51,0,Germany
20200302,165,0,35,0,Germany
20200303,203,0,38,0,Germany
20200304,262,0,59,0,Germany
20200305,545,0,283,0,Germany
20200306,670,0,125,0,Germany
20200307,800,0,130,0,Germany
20200308,1040,0,240,0,Germany
20200309,1224,2,184,2,Germany
20200310,1565,2,341,0,Germany
20200311,1966,3,401,1,Germany
20200312,2745,6,779,3,Germany
20200313,3675,8,930,2,Germany
20200314,4599,9,924,1,Germany
20200315,5813,13,1214,4,Germany
20200316,7272,17,1459,4,Germany
20200317,9367,26,2095,9,Germany
20200318,12327,28,2960,2,Germany
20200319,15320,44,2993,16,Germany
20200320,19848,68,4528,24,Germany
20200321,22364,84,2516,16,Germany
20200322,24873,94,2509,10,Germany
20200323,29056,123,4183,29,Germany
20200324,32991,159,3935,36,Germany
20200325,37323,206,4332,47,Germany
20200326,43938,267,6615,61,Germany
20200327,50871,351,6933,84,Germany
20200328,57695,433,6824,82,Germany
20200329,62435,541,4740,108,Germany
20200330,66885,645,4450,104,Germany
20200331,71808,775,4923,130,Germany
20200401,77981,931,6173,156,Germany
20200402,84794,1107,6813,176,Germany
20200403,91159,1275,6365,168,Germany
20200404,96092,1444,4933,169,Germany
20200405,100123,1584,4031,140,Germany
20200406,103375,1810,3252,226,Germany
20200407,107663,2016,4288,206,Germany
20200408,113296,2349,5633,333,Germany
20200409,118235,2607,4939,258,Germany
20200410,122171,2736,3936,129,Germany
20200411,125452,2871,3281,135,Germany
20200215,0,0,0,0,Greece
20200216,0,0,0,0,Greece
20200217,0,0,0,0,Greece
20200218,0,0,0,0,Greece
20200219,0,0,0,0,Greece
20200220,0,0,0,0,Greece
20200221,0,0,0,0,Greece
20200222,0,0,0,0,Greece
20200223,0,0,0,0,Greece
20200224,0,0,0,0,Greece
20200225,0,0,0,0,Greece
20200226,1,0,1,0,Greece
20200227,3,0,2,0,Greece
20200228,4,0,1,0,Greece
20200229,7,0,3,0,Greece
20200301,7,0,0,0,Greece
20200302,7,0,0,0,Greece
20200303,7,0,0,0,Greece
20200304,9,0,2,0,Greece
20200305,31,0,22,0,Greece
20200306,45,0,14,0,Greece
20200307,66,0,21,0,Greece
20200308,73,0,7,0,Greece
20200309,84,0,11,0,Greece
20200310,89,0,5,0,Greece
20200311,99,0,10,0,Greece
20200312,117,1,18,1,Greece
20200313,190,1,73,0,Greece
20200314,228,3,38,2,Greece
20200315,331,4,103,1,Greece
20200316,352,4,21,0,Greece
20200317,387,5,35,1,Greece
20200318,418,5,31,0,Greece
20200319,464,6,46,1,Greece
20200320,495,10,31,4,Greece
20200321,530,13,35,3,Greece
20200322,624,15,94,2,Greece
20200323,695,17,71,2,Greece
20200324,743,20,48,3,Greece
20200325,821,22,78,2,Greece
20200326,892,27,71,5,Greece
20200327,966,28,74,1,Greece
20200328,1061,32,95,4,Greece
20200329,1156,39,95,7,Greece
20200330,1212,46,56,7,Greece
20200331,1314,49,102,3,Greece
20200401,1415,51,101,2,Greece
20200402,1544,53,129,2,Greece
20200403,1613,63,69,10,Greece
20200404,1673,68,60,5,Greece
20200405,1735,73,62,5,Greece
20200406,1755,79,20,6,Greece
20200407,1832,81,77,2,Greece
20200408,1884,83,52,2,Greece
20200409,1955,87,71,4,Greece
20200410,2011,92,56,5,Greece
20200411,2081,93,70,1,Greece
20200215,56,1,56,1,China Hong Kong SAR
20200216,57,1,1,0,China Hong Kong SAR
20200217,60,1,3,0,China Hong Kong SAR
20200218,62,1,2,0,China Hong Kong SAR
20200219,65,2,3,1,China Hong Kong SAR
20200220,69,2,4,0,China Hong Kong SAR
20200221,69,2,0,0,China Hong Kong SAR
20200222,70,2,1,0,China Hong Kong SAR
20200223,74,2,4,0,China Hong Kong SAR
20200224,81,2,7,0,China Hong Kong SAR
20200225,85,2,4,0,China Hong Kong SAR
20200226,89,2,4,0,China Hong Kong SAR
20200227,92,2,3,0,China Hong Kong SAR
20200228,93,2,1,0,China Hong Kong SAR
20200229,95,2,2,0,China Hong Kong SAR
20200301,100,2,5,0,China Hong Kong SAR
20200302,100,2,0,0,China Hong Kong SAR
20200303,101,2,1,0,China Hong Kong SAR
20200304,103,2,2,0,China Hong Kong SAR
20200305,105,2,2,0,China Hong Kong SAR
20200306,108,2,3,0,China Hong Kong SAR
20200307,108,2,0,0,China Hong Kong SAR
20200308,115,3,7,1,China Hong Kong SAR
20200309,116,3,1,0,China Hong Kong SAR
20200310,121,3,5,0,China Hong Kong SAR
20200311,130,3,9,0,China Hong Kong SAR
20200312,131,3,1,0,China Hong Kong SAR
20200313,132,4,1,1,China Hong Kong SAR
20200314,142,4,10,0,China Hong Kong SAR
20200315,149,4,7,0,China Hong Kong SAR
20200316,155,4,6,0,China Hong Kong SAR
20200317,168,4,13,0,China Hong Kong SAR
20200318,193,4,25,0,China Hong Kong SAR
20200319,208,4,15,0,China Hong Kong SAR
20200320,256,4,48,0,China Hong Kong SAR
20200321,274,4,18,0,China Hong Kong SAR
20200322,318,4,44,0,China Hong Kong SAR
20200323,357,4,39,0,China Hong Kong SAR
20200324,387,4,30,0,China Hong Kong SAR
20200325,411,4,24,0,China Hong Kong SAR
20200326,454,4,43,0,China Hong Kong SAR
20200327,519,4,65,0,China Hong Kong SAR
20200328,560,4,41,0,China Hong Kong SAR
20200329,642,4,82,0,China Hong Kong SAR
20200330,683,4,41,0,China Hong Kong SAR
20200331,715,4,32,0,China Hong Kong SAR
20200401,766,4,51,0,China Hong Kong SAR
20200402,802,4,36,0,China Hong Kong SAR
20200403,845,4,43,0,China Hong Kong SAR
20200404,862,4,17,0,China Hong Kong SAR
20200405,891,4,29,0,China Hong Kong SAR
20200406,915,4,24,0,China Hong Kong SAR
20200407,936,4,21,0,China Hong Kong SAR
20200408,961,4,25,0,China Hong Kong SAR
20200409,974,4,13,0,China Hong Kong SAR
20200410,990,4,16,0,China Hong Kong SAR
20200411,1001,4,11,0,China Hong Kong SAR
20200215,3,0,3,0,India
20200216,3,0,0,0,India
20200217,3,0,0,0,India
20200218,3,0,0,0,India
20200219,3,0,0,0,India
20200220,3,0,0,0,India
20200221,3,0,0,0,India
20200222,3,0,0,0,India
20200223,3,0,0,0,India
20200224,3,0,0,0,India
20200225,3,0,0,0,India
20200226,3,0,0,0,India
20200227,3,0,0,0,India
20200228,3,0,0,0,India
20200229,3,0,0,0,India
20200301,3,0,0,0,India
20200302,6,0,3,0,India
20200303,7,0,1,0,India
20200304,29,0,22,0,India
20200305,30,0,1,0,India
20200306,31,0,1,0,India
20200307,34,0,3,0,India
20200308,40,0,6,0,India
20200309,47,0,7,0,India
20200310,62,0,15,0,India
20200311,62,0,0,0,India
20200312,74,1,12,1,India
20200313,82,2,8,1,India
20200314,100,2,18,0,India
20200315,114,2,14,0,India
20200316,129,2,15,0,India
20200317,143,3,14,1,India
20200318,169,3,26,0,India
20200319,194,4,25,1,India
20200320,249,5,55,1,India
20200321,332,5,83,0,India
20200322,396,7,64,2,India
20200323,499,10,103,3,India
20200324,536,10,37,0,India
20200325,657,12,121,2,India
20200326,727,20,70,8,India
20200327,887,20,160,0,India
20200328,987,24,100,4,India
20200329,1024,27,37,3,India
20200330,1251,32,227,5,India
20200331,1397,35,146,3,India
20200401,1998,58,601,23,India
20200402,2543,72,545,14,India
20200403,3059,86,516,14,India
20200404,3588,99,529,13,India
20200405,4289,118,701,19,India
20200406,4778,136,489,18,India
20200407,5351,160,573,24,India
20200408,5916,178,565,18,India
20200409,6725,227,809,49,India
20200410,7600,249,875,22,India
20200411,8446,288,846,39,India
20200215,0,0,0,0,Indonesia
20200216,0,0,0,0,Indonesia
20200217,0,0,0,0,Indonesia
20200218,0,0,0,0,Indonesia
20200219,0,0,0,0,Indonesia
20200220,0,0,0,0,Indonesia
20200221,0,0,0,0,Indonesia
20200222,0,0,0,0,Indonesia
20200223,0,0,0,0,Indonesia
20200224,0,0,0,0,Indonesia
20200225,0,0,0,0,Indonesia
20200226,0,0,0,0,Indonesia
20200227,0,0,0,0,Indonesia
20200228,0,0,0,0,Indonesia
20200229,0,0,0,0,Indonesia
20200301,0,0,0,0,Indonesia
20200302,2,0,2,0,Indonesia
20200303,2,0,0,0,Indonesia
20200304,2,0,0,0,Indonesia
20200305,2,0,0,0,Indonesia
20200306,4,0,2,0,Indonesia
20200307,4,0,0,0,Indonesia
20200308,6,0,2,0,Indonesia
20200309,19,0,13,0,Indonesia
20200310,27,0,8,0,Indonesia
20200311,34,1,7,1,Indonesia
20200312,34,1,0,0,Indonesia
20200313,69,4,35,3,Indonesia
20200314,96,5,27,1,Indonesia
20200315,117,5,21,0,Indonesia
20200316,134,5,17,0,Indonesia
20200317,172,7,38,2,Indonesia
20200318,227,19,55,12,Indonesia
20200319,309,25,82,6,Indonesia
20200320,369,32,60,7,Indonesia
20200321,450,38,81,6,Indonesia
20200322,514,48,64,10,Indonesia
20200323,579,49,65,1,Indonesia
20200324,686,55,107,6,Indonesia
20200325,790,58,104,3,Indonesia
20200326,893,78,103,20,Indonesia
20200327,1046,87,153,9,Indonesia
20200328,1155,102,109,15,Indonesia
20200329,1285,114,130,12,Indonesia
20200330,1414,122,129,8,Indonesia
20200331,1528,136,114,14,Indonesia
20200401,1677,157,149,21,Indonesia
20200402,1790,170,113,13,Indonesia
20200403,1986,181,196,11,Indonesia
20200404,2092,191,106,10,Indonesia
20200405,2273,198,181,7,Indonesia
20200406,2491,209,218,11,Indonesia
20200407,2738,221,247,12,Indonesia
20200408,2956,240,218,19,Indonesia
20200409,3293,280,337,40,Indonesia
20200410,3512,306,219,26,Indonesia
20200411,3842,327,330,21,Indonesia
20200215,0,0,0,0,Iran
20200216,0,0,0,0,Iran
20200217,0,0,0,0,Iran
20200218,0,0,0,0,Iran
20200219,2,2,2,2,Iran
20200220,5,2,3,0,Iran
20200221,18,4,13,2,Iran
20200222,29,6,11,2,Iran
20200223,43,8,14,2,Iran
20200224,61,12,18,4,Iran
20200225,95,16,34,4,Iran
20200226,139,19,44,3,Iran
20200227,245,26,106,7,Iran
20200228,388,34,143,8,Iran
20200229,593,43,205,9,Iran
20200301,978,54,385,11,Iran
20200302,1501,66,523,12,Iran
20200303,2336,77,835,11,Iran
20200304,2922,92,586,15,Iran
20200305,3513,108,591,16,Iran
20200306,4747,124,1234,16,Iran
20200307,5823,145,1076,21,Iran
20200308,6566,194,743,49,Iran
20200309,7161,237,595,43,Iran
20200310,8042,291,881,54,Iran
20200311,9000,354,958,63,Iran
20200312,10075,429,1075,75,Iran
20200313,11364,514,1289,85,Iran
20200314,12729,611,1365,97,Iran
20200315,13938,724,1209,113,Iran
20200316,14991,853,1053,129,Iran
20200317,16169,988,1178,135,Iran
20200318,17361,1135,1192,147,Iran
20200319,18407,1284,1046,149,Iran
20200320,19644,1433,1237,149,Iran
20200321,20610,1556,966,123,Iran
20200322,21638,1685,1028,129,Iran
20200323,23049,1812,1411,127,Iran
20200324,24811,1934,1762,122,Iran
20200325,27017,2077,2206,143,Iran
20200326,29406,2234,2389,157,Iran
20200327,32332,2378,2926,144,Iran
20200328,35408,2517,3076,139,Iran
20200329,38309,2640,2901,123,Iran
20200330,41495,2757,3186,117,Iran
20200331,44605,2898,3110,141,Iran
20200401,47593,3036,2988,138,Iran
20200402,50468,3160,2875,124,Iran
20200403,53183,3294,2715,134,Iran
20200404,55743,3452,2560,158,Iran
20200405,58226,3603,2483,151,Iran
20200406,60500,3739,2274,136,Iran
20200407,62589,3872,2089,133,Iran
20200408,64586,3993,1997,121,Iran
20200409,66220,4110,1634,117,Iran
20200410,68192,4232,1972,122,Iran
20200411,70029,4357,1837,125,Iran
20200215,0,0,0,0,Iraq
20200216,0,0,0,0,Iraq
20200217,0,0,0,0,Iraq
20200218,0,0,0,0,Iraq
20200219,0,0,0,0,Iraq
20200220,0,0,0,0,Iraq
20200221,0,0,0,0,Iraq
20200222,1,0,1,0,Iraq
20200223,1,0,0,0,Iraq
20200224,1,0,0,0,Iraq
20200225,5,0,4,0,Iraq
20200226,5,0,0,0,Iraq
20200227,7,0,2,0,Iraq
20200228,8,0,1,0,Iraq
20200229,13,0,5,0,Iraq
20200301,19,0,6,0,Iraq
20200302,27,0,8,0,Iraq
20200303,32,0,5,0,Iraq
20200304,37,2,5,2,Iraq
20200305,40,3,3,1,Iraq
20200306,46,4,6,1,Iraq
20200307,54,4,8,0,Iraq
20200308,65,6,11,2,Iraq
20200309,71,7,6,1,Iraq
20200310,71,7,0,0,Iraq
20200311,71,7,0,0,Iraq
20200312,83,8,12,1,Iraq
20200313,101,9,18,1,Iraq
20200314,110,10,9,1,Iraq
20200315,124,10,14,0,Iraq
20200316,133,10,9,0,Iraq
20200317,154,11,21,1,Iraq
20200318,164,12,10,1,Iraq
20200319,192,13,28,1,Iraq
20200320,208,17,16,4,Iraq
20200321,214,17,6,0,Iraq
20200322,233,20,19,3,Iraq
20200323,266,23,33,3,Iraq
20200324,316,27,50,4,Iraq
20200325,346,29,30,2,Iraq
20200326,382,36,36,7,Iraq
20200327,458,40,76,4,Iraq
20200328,506,42,48,2,Iraq
20200329,547,42,41,0,Iraq
20200330,630,46,83,4,Iraq
20200331,694,50,64,4,Iraq
20200401,728,52,34,2,Iraq
20200402,772,54,44,2,Iraq
20200403,820,54,48,0,Iraq
20200404,878,56,58,2,Iraq
20200405,961,61,83,5,Iraq
20200406,1031,64,70,3,Iraq
20200407,1122,65,91,1,Iraq
20200408,1202,69,80,4,Iraq
20200409,1232,69,30,0,Iraq
20200410,1279,70,47,1,Iraq
20200411,1318,72,39,2,Iraq
20200215,0,0,0,0,Ireland
20200216,0,0,0,0,Ireland
20200217,0,0,0,0,Ireland
20200218,0,0,0,0,Ireland
20200219,0,0,0,0,Ireland
20200220,0,0,0,0,Ireland
20200221,0,0,0,0,Ireland
20200222,0,0,0,0,Ireland
20200223,0,0,0,0,Ireland
20200224,0,0,0,0,Ireland
20200225,0,0,0,0,Ireland
20200226,0,0,0,0,Ireland
20200227,0,0,0,0,Ireland
20200228,0,0,0,0,Ireland
20200229,1,0,1,0,Ireland
20200301,1,0,0,0,Ireland
20200302,1,0,0,0,Ireland
20200303,2,0,1,0,Ireland
20200304,6,0,4,0,Ireland
20200305,13,0,7,0,Ireland
20200306,18,0,5,0,Ireland
20200307,19,0,1,0,Ireland
20200308,21,0,2,0,Ireland
20200309,24,0,3,0,Ireland
20200310,34,0,10,0,Ireland
20200311,43,1,9,1,Ireland
20200312,70,1,27,0,Ireland
20200313,90,1,20,0,Ireland
20200314,129,2,39,1,Ireland
20200315,170,2,41,0,Ireland
20200316,223,2,53,0,Ireland
20200317,292,2,69,0,Ireland
20200318,366,2,74,0,Ireland
20200319,557,3,191,1,Ireland
20200320,683,3,126,0,Ireland
20200321,785,3,102,0,Ireland
20200322,906,4,121,1,Ireland
20200323,1125,6,219,2,Ireland
20200324,1329,7,204,1,Ireland
20200325,1564,9,235,2,Ireland
20200326,1819,19,255,10,Ireland
20200327,2121,22,302,3,Ireland
20200328,2415,36,294,14,Ireland
20200329,2615,46,200,10,Ireland
20200330,2910,54,295,8,Ireland
20200331,3235,71,325,17,Ireland
20200401,3447,85,212,14,Ireland
20200402,3849,98,402,13,Ireland
20200403,4273,120,424,22,Ireland
20200404,4604,137,331,17,Ireland
20200405,4994,158,390,21,Ireland
20200406,5364,174,370,16,Ireland
20200407,5709,210,345,36,Ireland
20200408,6074,235,365,25,Ireland
20200409,6574,263,500,28,Ireland
20200410,8089,287,1515,24,Ireland
20200411,8928,320,839,33,Ireland
20200215,0,0,0,0,Israel
20200216,0,0,0,0,Israel
20200217,0,0,0,0,Israel
20200218,0,0,0,0,Israel
20200219,0,0,0,0,Israel
20200220,0,0,0,0,Israel
20200221,1,0,1,0,Israel
20200222,1,0,0,0,Israel
20200223,2,0,1,0,Israel
20200224,2,0,0,0,Israel
20200225,2,0,0,0,Israel
20200226,2,0,0,0,Israel
20200227,3,0,1,0,Israel
20200228,7,0,4,0,Israel
20200229,7,0,0,0,Israel
20200301,10,0,3,0,Israel
20200302,12,0,2,0,Israel
20200303,12,0,0,0,Israel
20200304,15,0,3,0,Israel
20200305,17,0,2,0,Israel
20200306,21,0,4,0,Israel
20200307,25,0,4,0,Israel
20200308,39,0,14,0,Israel
20200309,50,0,11,0,Israel
20200310,75,0,25,0,Israel
20200311,97,0,22,0,Israel
20200312,109,0,12,0,Israel
20200313,143,0,34,0,Israel
20200314,193,0,50,0,Israel
20200315,213,0,20,0,Israel
20200316,298,0,85,0,Israel
20200317,337,0,39,0,Israel
20200318,433,0,96,0,Israel
20200319,677,0,244,0,Israel
20200320,705,1,28,1,Israel
20200321,883,1,178,0,Israel
20200322,1071,1,188,0,Israel
20200323,1442,1,371,0,Israel
20200324,1930,3,488,2,Israel
20200325,2369,5,439,2,Israel
20200326,2693,8,324,3,Israel
20200327,3035,12,342,4,Israel
20200328,3619,12,584,0,Israel
20200329,4247,15,628,3,Israel
20200330,4695,16,448,1,Israel
20200331,5358,20,663,4,Israel
20200401,6092,26,734,6,Israel
20200402,6857,36,765,10,Israel
20200403,7428,40,571,4,Israel
20200404,7851,44,423,4,Israel
20200405,8430,49,579,5,Israel
20200406,8904,57,474,8,Israel
20200407,9248,65,344,8,Israel
20200408,9404,73,156,8,Israel
20200409,9968,86,564,13,Israel
20200410,10408,95,440,9,Israel
20200411,10743,101,335,6,Israel
20200215,3,0,3,0,Italy
20200216,3,0,0,0,Italy
20200217,3,0,0,0,Italy
20200218,3,0,0,0,Italy
20200219,3,0,0,0,Italy
20200220,4,0,1,0,Italy
20200221,21,1,17,1,Italy
20200222,79,2,58,1,Italy
20200223,157,3,78,1,Italy
20200224,229,7,72,4,Italy
20200225,323,11,94,4,Italy
20200226,470,12,147,1,Italy
20200227,655,17,185,5,Italy
20200228,889,21,234,4,Italy
20200229,1128,29,239,8,Italy
20200301,1701,41,573,12,Italy
20200302,2036,52,335,11,Italy
20200303,2502,79,466,27,Italy
20200304,3089,107,587,28,Italy
20200305,3858,148,769,41,Italy
20200306,4636,197,778,49,Italy
20200307,5883,233,1247,36,Italy
20200308,7375,366,1492,133,Italy
20200309,9172,463,1797,97,Italy
20200310,10149,631,977,168,Italy
20200311,12462,827,2313,196,Italy
20200312,15113,1016,2651,189,Italy
20200313,17660,1266,2547,250,Italy
20200314,21157,1441,3497,175,Italy
20200315,24747,1809,3590,368,Italy
20200316,27980,2158,3233,349,Italy
20200317,31506,2503,3526,345,Italy
20200318,35713,2978,4207,475,Italy
20200319,41035,3405,5322,427,Italy
20200320,47021,4032,5986,627,Italy
20200321,53578,4825,6557,793,Italy
20200322,59138,5476,5560,651,Italy
20200323,63927,6077,4789,601,Italy
20200324,69176,6820,5249,743,Italy
20200325,74386,7503,5210,683,Italy
20200326,80589,8215,6203,712,Italy
20200327,86498,9134,5909,919,Italy
20200328,92472,10023,5974,889,Italy
20200329,97689,10779,5217,756,Italy
20200330,101739,11591,4050,812,Italy
20200331,105792,12428,4053,837,Italy
20200401,110574,13155,4782,727,Italy
20200402,115242,13915,4668,760,Italy
20200403,119827,14681,4585,766,Italy
20200404,124632,15362,4805,681,Italy
20200405,128948,15887,4316,525,Italy
20200406,132547,16523,3599,636,Italy
20200407,135586,17127,3039,604,Italy
20200408,139422,17669,3836,542,Italy
20200409,143626,18279,4204,610,Italy
20200410,147577,18849,3951,570,Italy
20200411,152271,19468,4694,619,Italy
20200215,22,0,22,0,Malaysia
20200216,22,0,0,0,Malaysia
20200217,22,0,0,0,Malaysia
20200218,22,0,0,0,Malaysia
20200219,22,0,0,0,Malaysia
20200220,22,0,0,0,Malaysia
20200221,22,0,0,0,Malaysia
20200222,22,0,0,0,Malaysia
20200223,22,0,0,0,Malaysia
20200224,22,0,0,0,Malaysia
20200225,22,0,0,0,Malaysia
20200226,22,0,0,0,Malaysia
20200227,22,0,0,0,Malaysia
20200228,25,0,3,0,Malaysia
20200229,25,0,0,0,Malaysia
20200301,29,0,4,0,Malaysia
20200302,29,0,0,0,Malaysia
20200303,36,0,7,0,Malaysia
20200304,50,0,14,0,Malaysia
20200305,55,0,5,0,Malaysia
20200306,83,0,28,0,Malaysia
20200307,93,0,10,0,Malaysia
20200308,99,0,6,0,Malaysia
20200309,117,0,18,0,Malaysia
20200310,129,0,12,0,Malaysia
20200311,149,0,20,0,Malaysia
20200312,158,0,9,0,Malaysia
20200313,197,0,39,0,Malaysia
20200314,238,0,41,0,Malaysia
20200315,428,0,190,0,Malaysia
20200316,566,0,138,0,Malaysia
20200317,673,2,107,2,Malaysia
20200318,790,2,117,0,Malaysia
20200319,900,2,110,0,Malaysia
20200320,1030,3,130,1,Malaysia
20200321,1183,8,153,5,Malaysia
20200322,1306,10,123,2,Malaysia
20200323,1518,14,212,4,Malaysia
20200324,1624,16,106,2,Malaysia
20200325,1796,20,172,4,Malaysia
20200326,2031,23,235,3,Malaysia
20200327,2161,26,130,3,Malaysia
20200328,2320,27,159,1,Malaysia
20200329,2470,35,150,8,Malaysia
20200330,2626,37,156,2,Malaysia
20200331,2766,43,140,6,Malaysia
20200401,2908,45,142,2,Malaysia
20200402,3116,50,208,5,Malaysia
20200403,3333,53,217,3,Malaysia
20200404,3483,57,150,4,Malaysia
20200405,3662,61,179,4,Malaysia
20200406,3793,62,131,1,Malaysia
20200407,3963,63,170,1,Malaysia
20200408,4119,65,156,2,Malaysia
20200409,4228,67,109,2,Malaysia
20200410,4346,70,118,3,Malaysia
20200411,4530,73,184,3,Malaysia
20200215,0,0,0,0,Netherlands
20200216,0,0,0,0,Netherlands
20200217,0,0,0,0,Netherlands
20200218,0,0,0,0,Netherlands
20200219,0,0,0,0,Netherlands
20200220,0,0,0,0,Netherlands
20200221,0,0,0,0,Netherlands
20200222,0,0,0,0,Netherlands
20200223,0,0,0,0,Netherlands
20200224,0,0,0,0,Netherlands
20200225,0,0,0,0,Netherlands
20200226,0,0,0,0,Netherlands
20200227,1,0,1,0,Netherlands
20200228,2,0,1,0,Netherlands
20200229,7,0,5,0,Netherlands
20200301,10,0,3,0,Netherlands
20200302,18,0,8,0,Netherlands
20200303,23,0,5,0,Netherlands
20200304,38,0,15,0,Netherlands
20200305,82,0,44,0,Netherlands
20200306,128,1,46,1,Netherlands
20200307,188,1,60,0,Netherlands
20200308,265,3,77,2,Netherlands
20200309,321,4,56,1,Netherlands
20200310,382,4,61,0,Netherlands
20200311,503,5,121,1,Netherlands
20200312,614,5,111,0,Netherlands
20200313,804,10,190,5,Netherlands
20200314,959,12,155,2,Netherlands
20200315,1135,20,176,8,Netherlands
20200316,1413,24,278,4,Netherlands
20200317,1705,43,292,19,Netherlands
20200318,2051,58,346,15,Netherlands
20200319,2460,76,409,18,Netherlands
20200320,2994,106,534,30,Netherlands
20200321,3631,136,637,30,Netherlands
20200322,4204,179,573,43,Netherlands
20200323,4749,213,545,34,Netherlands
20200324,5560,276,811,63,Netherlands
20200325,6412,356,852,80,Netherlands
20200326,7431,434,1019,78,Netherlands
20200327,8603,546,1172,112,Netherlands
20200328,9762,639,1159,93,Netherlands
20200329,10866,771,1104,132,Netherlands
20200330,11750,864,884,93,Netherlands
20200331,12595,1039,845,175,Netherlands
20200401,13614,1173,1019,134,Netherlands
20200402,14697,1339,1083,166,Netherlands
20200403,15723,1487,1026,148,Netherlands
20200404,16627,1651,904,164,Netherlands
20200405,17851,1766,1224,115,Netherlands
20200406,18803,1867,952,101,Netherlands
20200407,19580,2101,777,234,Netherlands
20200408,20549,2248,969,147,Netherlands
20200409,21762,2396,1213,148,Netherlands
20200410,23097,2511,1335,115,Netherlands
20200411,24413,2643,1316,132,Netherlands
20200215,0,0,0,0,Norway
20200216,0,0,0,0,Norway
20200217,0,0,0,0,Norway
20200218,0,0,0,0,Norway
20200219,0,0,0,0,Norway
20200220,0,0,0,0,Norway
20200221,0,0,0,0,Norway
20200222,0,0,0,0,Norway
20200223,0,0,0,0,Norway
20200224,0,0,0,0,Norway
20200225,0,0,0,0,Norway
20200226,1,0,1,0,Norway
20200227,4,0,3,0,Norway
20200228,6,0,2,0,Norway
20200229,15,0,9,0,Norway
20200301,19,0,4,0,Norway
20200302,25,0,6,0,Norway
20200303,33,0,8,0,Norway
20200304,59,0,26,0,Norway
20200305,94,0,35,0,Norway
20200306,127,0,33,0,Norway
20200307,156,0,29,0,Norway
20200308,176,0,20,0,Norway
20200309,227,0,51,0,Norway
20200310,400,0,173,0,Norway
20200311,629,0,229,0,Norway
20200312,800,1,171,1,Norway
20200313,996,1,196,0,Norway
20200314,1109,3,113,2,Norway
20200315,1256,3,147,0,Norway
20200316,1348,3,92,0,Norway
20200317,1471,3,123,0,Norway
20200318,1591,6,120,3,Norway
20200319,1790,7,199,1,Norway
20200320,1959,7,169,0,Norway
20200321,2164,7,205,0,Norway
20200322,2385,7,221,0,Norway
20200323,2625,10,240,3,Norway
20200324,2866,12,241,2,Norway
20200325,3084,14,218,2,Norway
20200326,3372,14,288,0,Norway
20200327,3771,19,399,5,Norway
20200328,4015,23,244,4,Norway
20200329,4284,26,269,3,Norway
20200330,4445,32,161,6,Norway
20200331,4641,39,196,7,Norway
20200401,4877,44,236,5,Norway
20200402,5147,50,270,6,Norway
20200403,5370,59,223,9,Norway
20200404,5550,62,180,3,Norway
20200405,5687,71,137,9,Norway
20200406,5865,76,178,5,Norway
20200407,6086,89,221,13,Norway
20200408,6042,101,-44,12,Norway
20200409,6219,108,177,7,Norway
20200410,6314,113,95,5,Norway
20200411,6409,119,95,6,Norway
20200215,3,1,3,1,Philippines
20200216,3,1,0,0,Philippines
20200217,3,1,0,0,Philippines
20200218,3,1,0,0,Philippines
20200219,3,1,0,0,Philippines
20200220,3,1,0,0,Philippines
20200221,3,1,0,0,Philippines
20200222,3,1,0,0,Philippines
20200223,3,1,0,0,Philippines
20200224,3,1,0,0,Philippines
20200225,3,1,0,0,Philippines
20200226,3,1,0,0,Philippines
20200227,3,1,0,0,Philippines
20200228,3,1,0,0,Philippines
20200229,3,1,0,0,Philippines
20200301,3,1,0,0,Philippines
20200302,3,1,0,0,Philippines
20200303,3,1,0,0,Philippines
20200304,3,1,0,0,Philippines
20200305,3,1,0,0,Philippines
20200306,5,1,2,0,Philippines
20200307,6,1,1,0,Philippines
20200308,10,1,4,0,Philippines
20200309,24,1,14,0,Philippines
20200310,33,1,9,0,Philippines
20200311,49,2,16,1,Philippines
20200312,52,5,3,3,Philippines
20200313,64,5,12,0,Philippines
20200314,111,8,47,3,Philippines
20200315,140,12,29,4,Philippines
20200316,142,12,2,0,Philippines
20200317,187,14,45,2,Philippines
20200318,202,17,15,3,Philippines
20200319,217,17,15,0,Philippines
20200320,230,18,13,1,Philippines
20200321,307,19,77,1,Philippines
20200322,380,25,73,6,Philippines
20200323,462,33,82,8,Philippines
20200324,552,35,90,2,Philippines
20200325,636,38,84,3,Philippines
20200326,707,45,71,7,Philippines
20200327,803,54,96,9,Philippines
20200328,1075,68,272,14,Philippines
20200329,1418,71,343,3,Philippines
20200330,1546,78,128,7,Philippines
20200331,2084,88,538,10,Philippines
20200401,2311,96,227,8,Philippines
20200402,2633,107,322,11,Philippines
20200403,3018,136,385,29,Philippines
20200404,3094,144,76,8,Philippines
20200405,3246,152,152,8,Philippines
20200406,3660,163,414,11,Philippines
20200407,3764,177,104,14,Philippines
20200408,3870,182,106,5,Philippines
20200409,4076,203,206,21,Philippines
20200410,4195,221,119,18,Philippines
20200411,4428,247,233,26,Philippines
20200215,0,0,0,0,Poland
20200216,0,0,0,0,Poland
20200217,0,0,0,0,Poland
20200218,0,0,0,0,Poland
20200219,0,0,0,0,Poland
20200220,0,0,0,0,Poland
20200221,0,0,0,0,Poland
20200222,0,0,0,0,Poland
20200223,0,0,0,0,Poland
20200224,0,0,0,0,Poland
20200225,0,0,0,0,Poland
20200226,0,0,0,0,Poland
20200227,0,0,0,0,Poland
20200228,0,0,0,0,Poland
20200229,0,0,0,0,Poland
20200301,0,0,0,0,Poland
20200302,0,0,0,0,Poland
20200303,0,0,0,0,Poland
20200304,1,0,1,0,Poland
20200305,1,0,0,0,Poland
20200306,5,0,4,0,Poland
20200307,6,0,1,0,Poland
20200308,11,0,5,0,Poland
20200309,17,0,6,0,Poland
20200310,22,0,5,0,Poland
20200311,31,0,9,0,Poland
20200312,51,1,20,1,Poland
20200313,68,2,17,1,Poland
20200314,104,3,36,1,Poland
20200315,125,3,21,0,Poland
20200316,177,4,52,1,Poland
20200317,238,5,61,1,Poland
20200318,287,5,49,0,Poland
20200319,355,5,68,0,Poland
20200320,425,5,70,0,Poland
20200321,536,5,111,0,Poland
20200322,634,7,98,2,Poland
20200323,749,8,115,1,Poland
20200324,901,10,152,2,Poland
20200325,1051,14,150,4,Poland
20200326,1221,16,170,2,Poland
20200327,1389,16,168,0,Poland
20200328,1638,18,249,2,Poland
20200329,1862,22,224,4,Poland
20200330,2055,31,193,9,Poland
20200331,2311,33,256,2,Poland
20200401,2554,43,243,10,Poland
20200402,2946,57,392,14,Poland
20200403,3383,71,437,14,Poland
20200404,3627,79,244,8,Poland
20200405,4102,94,475,15,Poland
20200406,4413,107,311,13,Poland
20200407,4848,129,435,22,Poland
20200408,5205,159,357,30,Poland
20200409,5575,174,370,15,Poland
20200410,5955,181,380,7,Poland
20200411,6356,208,401,27,Poland
20200215,0,0,0,0,Portugal
20200216,0,0,0,0,Portugal
20200217,0,0,0,0,Portugal
20200218,0,0,0,0,Portugal
20200219,0,0,0,0,Portugal
20200220,0,0,0,0,Portugal
20200221,0,0,0,0,Portugal
20200222,0,0,0,0,Portugal
20200223,0,0,0,0,Portugal
20200224,0,0,0,0,Portugal
20200225,0,0,0,0,Portugal
20200226,0,0,0,0,Portugal
20200227,0,0,0,0,Portugal
20200228,0,0,0,0,Portugal
20200229,0,0,0,0,Portugal
20200301,0,0,0,0,Portugal
20200302,2,0,2,0,Portugal
20200303,4,0,2,0,Portugal
20200304,6,0,2,0,Portugal
20200305,9,0,3,0,Portugal
20200306,13,0,4,0,Portugal
20200307,21,0,8,0,Portugal
20200308,30,0,9,0,Portugal
20200309,39,0,9,0,Portugal
20200310,41,0,2,0,Portugal
20200311,61,0,20,0,Portugal
20200312,78,0,17,0,Portugal
20200313,112,0,34,0,Portugal
20200314,169,0,57,0,Portugal
20200315,245,0,76,0,Portugal
20200316,331,1,86,1,Portugal
20200317,448,1,117,0,Portugal
20200318,642,2,194,1,Portugal
20200319,786,4,144,2,Portugal
20200320,1020,6,234,2,Portugal
20200321,1280,12,260,6,Portugal
20200322,1600,14,320,2,Portugal
20200323,2060,23,460,9,Portugal
20200324,2362,33,302,10,Portugal
20200325,2995,43,633,10,Portugal
20200326,3544,60,549,17,Portugal
20200327,4268,76,724,16,Portugal
20200328,5170,100,902,24,Portugal
20200329,5962,119,792,19,Portugal
20200330,6408,140,446,21,Portugal
20200331,7443,160,1035,20,Portugal
20200401,8251,187,808,27,Portugal
20200402,9034,209,783,22,Portugal
20200403,9886,246,852,37,Portugal
20200404,10524,266,638,20,Portugal
20200405,11278,295,754,29,Portugal
20200406,11730,311,452,16,Portugal
20200407,12442,345,712,34,Portugal
20200408,13141,380,699,35,Portugal
20200409,13956,409,815,29,Portugal
20200410,15472,435,1516,26,Portugal
20200411,15987,470,515,35,Portugal
20200215,28,0,28,0,South Korea
20200216,29,0,1,0,South Korea
20200217,30,0,1,0,South Korea
20200218,31,0,1,0,South Korea
20200219,58,0,27,0,South Korea
20200220,111,1,53,1,South Korea
20200221,209,2,98,1,South Korea
20200222,436,2,227,0,South Korea
20200223,602,6,166,4,South Korea
20200224,833,8,231,2,South Korea
20200225,977,11,144,3,South Korea
20200226,1261,12,284,1,South Korea
20200227,1766,13,505,1,South Korea
20200228,2337,16,571,3,South Korea
20200229,3150,17,813,1,South Korea
20200301,3736,21,586,4,South Korea
20200302,4335,28,599,7,South Korea
20200303,5186,32,851,4,South Korea
20200304,5621,35,435,3,South Korea
20200305,6284,42,663,7,South Korea
20200306,6593,43,309,1,South Korea
20200307,7041,48,448,5,South Korea
20200308,7313,50,272,2,South Korea
20200309,7478,53,165,3,South Korea
20200310,7513,60,35,7,South Korea
20200311,7755,60,242,0,South Korea
20200312,7869,66,114,6,South Korea
20200313,7979,67,110,1,South Korea
20200314,8086,72,107,5,South Korea
20200315,8162,75,76,3,South Korea
20200316,8236,75,74,0,South Korea
20200317,8320,81,84,6,South Korea
20200318,8413,84,93,3,South Korea
20200319,8565,91,152,7,South Korea
20200320,8652,94,87,3,South Korea
20200321,8799,102,147,8,South Korea
20200322,8897,104,98,2,South Korea
20200323,8961,111,64,7,South Korea
20200324,9037,120,76,9,South Korea
20200325,9137,126,100,6,South Korea
20200326,9241,131,104,5,South Korea
20200327,9332,139,91,8,South Korea
20200328,9478,144,146,5,South Korea
20200329,9583,152,105,8,South Korea
20200330,9661,158,78,6,South Korea
20200331,9786,162,125,4,South Korea
20200401,9887,165,101,3,South Korea
20200402,9976,169,89,4,South Korea
20200403,10062,174,86,5,South Korea
20200404,10156,177,94,3,South Korea
20200405,10237,183,81,6,South Korea
20200406,10284,186,47,3,South Korea
20200407,10331,192,47,6,South Korea
20200408,10384,200,53,8,South Korea
20200409,10423,204,39,4,South Korea
20200410,10450,208,27,4,South Korea
20200411,10480,211,30,3,South Korea
20200215,2,0,2,0,Spain
20200216,2,0,0,0,Spain
20200217,2,0,0,0,Spain
20200218,2,0,0,0,Spain
20200219,2,0,0,0,Spain
20200220,2,0,0,0,Spain
20200221,2,0,0,0,Spain
20200222,2,0,0,0,Spain
20200223,2,0,0,0,Spain
20200224,3,0,1,0,Spain
20200225,9,0,6,0,Spain
20200226,13,0,4,0,Spain
20200227,25,0,12,0,Spain
20200228,33,0,8,0,Spain
20200229,58,0,25,0,Spain
20200301,84,0,26,0,Spain
20200302,120,0,36,0,Spain
20200303,165,1,45,1,Spain
20200304,228,2,63,1,Spain
20200305,282,3,54,1,Spain
20200306,401,8,119,5,Spain
20200307,525,10,124,2,Spain
20200308,674,17,149,7,Spain
20200309,1231,30,557,13,Spain
20200310,1695,36,464,6,Spain
20200311,2277,55,582,19,Spain
20200312,3146,86,869,31,Spain
20200313,5232,133,2086,47,Spain
20200314,6391,196,1159,63,Spain
20200315,7988,294,1597,98,Spain
20200316,9942,342,1954,48,Spain
20200317,11826,533,1884,191,Spain
20200318,14769,638,2943,105,Spain
20200319,18077,831,3308,193,Spain
20200320,21571,1093,3494,262,Spain
20200321,25496,1381,3925,288,Spain
20200322,28768,1772,3272,391,Spain
20200323,35136,2311,6368,539,Spain
20200324,42058,2991,6922,680,Spain
20200325,49515,3647,7457,656,Spain
20200326,57786,4365,8271,718,Spain
20200327,65719,5138,7933,773,Spain
20200328,73235,5982,7516,844,Spain
20200329,80110,6803,6875,821,Spain
20200330,87956,7716,7846,913,Spain
20200331,95923,8464,7967,748,Spain
20200401,104118,9387,8195,923,Spain
20200402,112065,10348,7947,961,Spain
20200403,119199,11198,7134,850,Spain
20200404,126168,11947,6969,749,Spain
20200405,131646,12641,5478,694,Spain
20200406,136675,13341,5029,700,Spain
20200407,141942,14045,5267,704,Spain
20200408,148220,14792,6278,747,Spain
20200409,153222,15447,5002,655,Spain
20200410,158273,16081,5051,634,Spain
20200411,163027,16606,4754,525,Spain
20200215,1,0,1,0,Sweden
20200216,1,0,0,0,Sweden
20200217,1,0,0,0,Sweden
20200218,1,0,0,0,Sweden
20200219,1,0,0,0,Sweden
20200220,1,0,0,0,Sweden
20200221,1,0,0,0,Sweden
20200222,1,0,0,0,Sweden
20200223,1,0,0,0,Sweden
20200224,1,0,0,0,Sweden
20200225,1,0,0,0,Sweden
20200226,2,0,1,0,Sweden
20200227,7,0,5,0,Sweden
20200228,11,0,4,0,Sweden
20200229,13,0,2,0,Sweden
20200301,14,0,1,0,Sweden
20200302,15,0,1,0,Sweden
20200303,30,0,15,0,Sweden
20200304,52,0,22,0,Sweden
20200305,94,0,42,0,Sweden
20200306,137,0,43,0,Sweden
20200307,161,0,24,0,Sweden
20200308,203,0,42,0,Sweden
20200309,260,0,57,0,Sweden
20200310,355,0,95,0,Sweden
20200311,500,1,145,1,Sweden
20200312,687,1,187,0,Sweden
20200313,814,1,127,0,Sweden
20200314,961,2,147,1,Sweden
20200315,1040,3,79,1,Sweden
20200316,1121,7,81,4,Sweden
20200317,1196,8,75,1,Sweden
20200318,1301,10,105,2,Sweden
20200319,1439,11,138,1,Sweden
20200320,1639,16,200,5,Sweden
20200321,1770,20,131,4,Sweden
20200322,1934,21,164,1,Sweden
20200323,2046,27,112,6,Sweden
20200324,2299,40,253,13,Sweden
20200325,2526,62,227,22,Sweden
20200326,2840,77,314,15,Sweden
20200327,3069,105,229,28,Sweden
20200328,3447,105,378,0,Sweden
20200329,3700,110,253,5,Sweden
20200330,4028,146,328,36,Sweden
20200331,4435,180,407,34,Sweden
20200401,4947,239,512,59,Sweden
20200402,5568,308,621,69,Sweden
20200403,6131,358,563,50,Sweden
20200404,6443,373,312,15,Sweden
20200405,6830,401,387,28,Sweden
20200406,7206,477,376,76,Sweden
20200407,7693,591,487,114,Sweden
20200408,8419,687,726,96,Sweden
20200409,9141,793,722,106,Sweden
20200410,9685,870,544,77,Sweden
20200411,10151,887,466,17,Sweden
20200215,0,0,0,0,Switzerland
20200216,0,0,0,0,Switzerland
20200217,0,0,0,0,Switzerland
20200218,0,0,0,0,Switzerland
20200219,0,0,0,0,Switzerland
20200220,0,0,0,0,Switzerland
20200221,0,0,0,0,Switzerland
20200222,0,0,0,0,Switzerland
20200223,0,0,0,0,Switzerland
20200224,0,0,0,0,Switzerland
20200225,1,0,1,0,Switzerland
20200226,1,0,0,0,Switzerland
20200227,8,0,7,0,Switzerland
20200228,15,0,7,0,Switzerland
20200229,19,0,4,0,Switzerland
20200301,24,0,5,0,Switzerland
20200302,30,0,6,0,Switzerland
20200303,58,0,28,0,Switzerland
20200304,93,0,35,0,Switzerland
20200305,120,1,27,1,Switzerland
20200306,214,1,94,0,Switzerland
20200307,268,1,54,0,Switzerland
20200308,332,2,64,1,Switzerland
20200309,374,2,42,0,Switzerland
20200310,497,3,123,1,Switzerland
20200311,652,4,155,1,Switzerland
20200312,868,7,216,3,Switzerland
20200313,1139,11,271,4,Switzerland
20200314,1375,13,236,2,Switzerland
20200315,2217,14,842,1,Switzerland
20200316,2353,19,136,5,Switzerland
20200317,2742,27,389,8,Switzerland
20200318,3115,33,373,6,Switzerland
20200319,4222,43,1107,10,Switzerland
20200320,5615,56,1393,13,Switzerland
20200321,6863,80,1248,24,Switzerland
20200322,7474,98,611,18,Switzerland
20200323,8795,120,1321,22,Switzerland
20200324,9877,122,1082,2,Switzerland
20200325,10897,153,1020,31,Switzerland
20200326,11811,192,914,39,Switzerland
20200327,12928,231,1117,39,Switzerland
20200328,14076,264,1148,33,Switzerland
20200329,14829,300,753,36,Switzerland
20200330,15922,359,1093,59,Switzerland
20200331,16605,433,683,74,Switzerland
20200401,17768,488,1163,55,Switzerland
20200402,18827,536,1059,48,Switzerland
20200403,19606,591,779,55,Switzerland
20200404,20505,666,899,75,Switzerland
20200405,21100,715,595,49,Switzerland
20200406,21657,765,557,50,Switzerland
20200407,22253,821,596,56,Switzerland
20200408,23280,895,1027,74,Switzerland
20200409,24051,948,771,53,Switzerland
20200410,24551,1002,500,54,Switzerland
20200411,25107,1036,556,34,Switzerland
20200215,0,0,0,0,Turkey
20200216,0,0,0,0,Turkey
20200217,0,0,0,0,Turkey
20200218,0,0,0,0,Turkey
20200219,0,0,0,0,Turkey
20200220,0,0,0,0,Turkey
20200221,0,0,0,0,Turkey
20200222,0,0,0,0,Turkey
20200223,0,0,0,0,Turkey
20200224,0,0,0,0,Turkey
20200225,0,0,0,0,Turkey
20200226,0,0,0,0,Turkey
20200227,0,0,0,0,Turkey
20200228,0,0,0,0,Turkey
20200229,0,0,0,0,Turkey
20200301,0,0,0,0,Turkey
20200302,0,0,0,0,Turkey
20200303,0,0,0,0,Turkey
20200304,0,0,0,0,Turkey
20200305,0,0,0,0,Turkey
20200306,0,0,0,0,Turkey
20200307,0,0,0,0,Turkey
20200308,0,0,0,0,Turkey
20200309,0,0,0,0,Turkey
20200310,1,0,1,0,Turkey
20200311,1,0,0,0,Turkey
20200312,1,0,0,0,Turkey
20200313,5,0,4,0,Turkey
20200314,6,0,1,0,Turkey
20200315,18,0,12,0,Turkey
20200316,47,0,29,0,Turkey
20200317,98,1,51,1,Turkey
20200318,191,2,93,1,Turkey
20200319,359,4,168,2,Turkey
20200320,670,9,311,5,Turkey
20200321,947,21,277,12,Turkey
20200322,1236,30,289,9,Turkey
20200323,1529,37,293,7,Turkey
20200324,1872,44,343,7,Turkey
20200325,2433,59,561,15,Turkey
20200326,3629,75,1196,16,Turkey
20200327,5698,92,2069,17,Turkey
20200328,7402,108,1704,16,Turkey
20200329,9217,131,1815,23,Turkey
20200330,10827,168,1610,37,Turkey
20200331,13531,214,2704,46,Turkey
20200401,15679,277,2148,63,Turkey
20200402,18135,356,2456,79,Turkey
20200403,20921,425,2786,69,Turkey
20200404,23934,501,3013,76,Turkey
20200405,27069,574,3135,73,Turkey
20200406,30217,649,3148,75,Turkey
20200407,34109,725,3892,76,Turkey
20200408,38226,812,4117,87,Turkey
20200409,42282,908,4056,96,Turkey
20200410,47029,1006,4747,98,Turkey
20200411,52167,1101,5138,95,Turkey
20200215,9,0,9,0,UK
20200216,9,0,0,0,UK
20200217,9,0,0,0,UK
20200218,9,0,0,0,UK
20200219,9,0,0,0,UK
20200220,9,0,0,0,UK
20200221,9,0,0,0,UK
20200222,9,0,0,0,UK
20200223,13,0,4,0,UK
20200224,13,0,0,0,UK
20200225,13,0,0,0,UK
20200226,13,0,0,0,UK
20200227,16,0,3,0,UK
20200228,20,0,4,0,UK
20200229,23,0,3,0,UK
20200301,36,0,13,0,UK
20200302,39,0,3,0,UK
20200303,51,0,12,0,UK
20200304,87,0,36,0,UK
20200305,116,1,29,1,UK
20200306,164,2,48,1,UK
20200307,209,2,45,0,UK
20200308,278,3,69,1,UK
20200309,321,5,43,2,UK
20200310,383,6,62,1,UK
20200311,460,8,77,2,UK
20200312,590,10,130,2,UK
20200313,798,11,208,1,UK
20200314,1140,21,342,10,UK
20200315,1391,35,251,14,UK
20200316,1543,55,152,20,UK
20200317,1950,71,407,16,UK
20200318,2626,104,676,33,UK
20200319,3269,144,643,40,UK
20200320,3983,177,714,33,UK
20200321,5018,233,1035,56,UK
20200322,5683,281,665,48,UK
20200323,6650,335,967,54,UK
20200324,8077,422,1427,87,UK
20200325,9529,463,1452,41,UK
20200326,11658,578,2129,115,UK
20200327,14543,759,2885,181,UK
20200328,17089,1019,2546,260,UK
20200329,19522,1228,2433,209,UK
20200330,22141,1408,2619,180,UK
20200331,25150,1789,3009,381,UK
20200401,29474,2352,4324,563,UK
20200402,33718,2921,4244,569,UK
20200403,38168,3605,4450,684,UK
20200404,41903,4313,3735,708,UK
20200405,47806,4934,5903,621,UK
20200406,51608,5373,3802,439,UK
20200407,55242,6159,3634,786,UK
20200408,60733,7097,5491,938,UK
20200409,65077,7978,4344,881,UK
20200410,73758,8958,8681,980,UK
20200411,78991,9875,5233,917,UK
20200215,15,0,15,0,US
20200216,15,0,0,0,US
20200217,15,0,0,0,US
20200218,15,0,0,0,US
20200219,15,0,0,0,US
20200220,15,0,0,0,US
20200221,35,0,20,0,US
20200222,35,0,0,0,US
20200223,35,0,0,0,US
20200224,53,0,18,0,US
20200225,57,0,4,0,US
20200226,60,0,3,0,US
20200227,60,0,0,0,US
20200228,63,0,3,0,US
20200229,68,1,5,1,US
20200301,75,1,7,0,US
20200302,100,6,25,5,US
20200303,124,9,24,3,US
20200304,158,11,34,2,US
20200305,221,12,63,1,US
20200306,319,15,98,3,US
20200307,435,19,116,4,US
20200308,541,22,106,3,US
20200309,704,26,163,4,US
20200310,994,30,290,4,US
20200311,1301,38,307,8,US
20200312,1630,41,329,3,US
20200313,2183,48,553,7,US
20200314,2770,57,587,9,US
20200315,3613,69,843,12,US
20200316,4596,87,983,18,US
20200317,6346,110,1750,23,US
20200318,9296,150,2950,40,US
20200319,13865,206,4569,56,US
20200320,19497,255,5632,49,US
20200321,24345,301,4848,46,US
20200322,33745,414,9400,113,US
20200323,44056,556,10311,142,US
20200324,55222,781,11166,225,US
20200325,68673,1028,13451,247,US
20200326,86061,1296,17388,268,US
20200327,104804,1697,18743,401,US
20200328,124256,2222,19452,525,US
20200329,144321,2592,20065,370,US
20200330,165053,3150,20732,558,US
20200331,189967,4064,24914,914,US
20200401,216622,5114,26655,1050,US
20200402,246729,6088,30107,974,US
20200403,279183,7139,32454,1051,US
20200404,313379,8469,34196,1330,US
20200405,338779,9636,25400,1167,US
20200406,370019,10895,31240,1259,US
20200407,403521,12868,33502,1973,US
20200408,435518,14811,31997,1943,US
20200409,469124,16712,33606,1901,US
20200410,502876,18747,33752,2035,US
20200411,532879,20577,30003,1830,US
